Workbook

Sheet Instructivo
C1: Instructivo: Formato registro anual de generacion de residuos generados en la atencion en salud y otras actividades
A2: SECRETARIA DE DESARROLLO DE LA SALUD DE CÓRDOBA
A3: SALUD AMBIENTAL
A5: Bloque | B5: No. | D5: Item | E5: Diligenciamiento
A6: Información general | B6: 1 | C6: Nombre del generador de residuos | E6: Nombre completo del establecimiento generador de residuos
B7: 2 | C7: Ciudad | E7: Ciudad de ubicación del establecimiento generador de residuos
B8: 3 | C8: Departamento | E8: Departamento de ubicación del establecimiento generador de residuos
B9: 4 | C9: Direccion | E9: Dirección del establecimiento generador de residuos
B10: 5 | C10: Telefono | E10: Teléfono del establecimiento generador de residuos
B11: 6 | C11: Correo Electronico | E11: Correo electrónico del establecimiento generador de residuos
B12: 7 | C12: Responsable del diligenciamiento | E12: Nombre completo del encargado de diligenciar el formulario
B13: 8 | C13: Cargo | E13: Cargo del encargado de diligenciar el formato
B14: 9 | C14: Fecha del reporte | E14: Fecha de diligenciamiento del formato
A15: Consolidación residuos por DTS | B15: 10 | C15: Residuos no peligrosos - | D15: Biodegradables | E15: Cantidad en Kg/mes de residuos Biodegradables (residuos orgánicos aprovechables*) generados por el establecimiento de atención en salud y otras actividades
B16: 11 | D16: Reciclables | E16: Cantidad en Kg/mes de residuos reciclables (residuos aprovechables*) generados por el establecimiento de atención en salud y otras actividades
B17: 12 | D17: Ordinarios | E17: Cantidad en Kg/mes de residuos ordinarios (residios no aprovechables*) generados por el establecimiento de atención en salud y otras actividades
B18: 13 | D18: Subtotal Residuos no peligrosos | E18: Celda formulada que no requiere diligenciar. Sumatoria de las cantidades de residuos no peligrosos
B19: 14 | C19: Residuos peligrosos riesgo biológico o infeccioso | D19: Biosanitarios | E19: Cantidad en Kg/mes de residuos biosanitarios generados por el establecimiento de atención en salud y otras actividades
B20: 15 | D20: Cortopunzantes | E20: Cantidad en Kg/mes de residuos cortopunzantes generados por el establecimiento de atención en salud y otras actividades
B21: 16 | D21: Anatomopatológicos | E21: Cantidad en Kg/mes de residuos biosanitarios generados por el establecimiento de atención en salud y otras actividades
B22: 17 | D22: Animales | E22: Cantidad en Kg/mes de residuos biosanitarios generados por el establecimiento de atención en salud y otras actividades
B23: 18 | D23: Subtotal residuos de riesgo biologico o infeccioso | E23: Celda formulada que no requiere diligenciar. Sumatoria de las cantidades de residuos de riesgo biológico o infeccioso
B24: 19 | C24: Residuos peligrosos otros residuos con las siguientes características ** | D24: Corrosivo | E24: Cantidad en Kg/mes de residuos de característica corrosivo generados por el establecimiento de atención en salud y otras actividades
B25: 20 | D25: Explosivo | E25: Cantidad en Kg/mes de residuos de característica explosivo generados por el establecimiento de atención en salud y otras actividades
B26: 21 | D26: Toxico | E26: Cantidad en Kg/mes de residuos de característica tóxico generados por el establecimiento de atención en salud y otras actividades
B27: 22 | D27: Inflamable | E27: Cantidad en Kg/mes de residuos de característica inflamable generados por el establecimiento de atención en salud y otras actividades
B28: 23 | D28: Reactivo | E28: Cantidad en Kg/mes de residuos de característica reactivo generados por el establecimiento de atención en salud y otras actividades
B29: 24 | D29: Subtotal otros residuos | E29: Celda formulada que no requiere diligenciar. Sumatoria de las cantidades de otros residuos
B30: 25 | D30: Subtotal Residuos Peligrosos | E30: Celda formulada que no requiere diligenciar. Sumatoria de las cantidades de residuos peligrosos
B31: 26 | C31: Total | E31: Celda formulada que no requiere diligenciar. Sumatoria de las cantidades de residuos generados por el establecimiento de atención en salud y otras actividades
A32: Indicadores de destinación | B32: 27 | C32: Destinación de residuos | D32: Desactivación | E32: Cantidad en Kg/mes de residuos destinados a desactivación
B33: 28 | D33: Reciclaje | E33: Cantidad en Kg/mes de residuos destinados a reciclaje (aprovechamiento)
B34: 29 | D34: Incineración | E34: Cantidad en Kg/mes de residuos destinados a incineración
B35: 30 | D35: Relleno sanitario | E35: Cantidad en Kg/mes de residuos destinados a disposición en relleno sanitario
D36: Otros sistemas de disposición final | E36: Cantidad en Kg/mes de residuos destinados en otros sistemas de disposición final aceptada por la legislación
B37: 31 | D37: Total | E37: Celda formulada que no requiere diligenciar. Sumatoria de las cantidades destinación de residuos generados por el establecimiento de atención en salud y otras actividades. Atención: La sumatoria de esta celda deberá ser igual a la sumatoria de las cantidades de residuos generados por el establecimiento de atención en salud y otras actividades (Item no. 26). Si no coinciden los valores la celda se mostrará de color rojo.
B38: 28 | C38: Indicadores de destinación | E38: Celdas formuladas que no requieren ser diligenciadas. Cálculo de la cantidad de residuos sometidos a desactivación de alta eficiencia, incineración, reciclaje, disposición en rellenos sanitarios, u otros sistemas de gestión dividido entre la cantidad total de residuos que fueron generados. Atención: Si el total del indicador de destinación no es 100% la celda se mostrará en color rojo.
B40: * Titulo 2 del Decreto 1077 de 2015 del MVCT, Resolución 2184 de 2019 del MADS y MVCT

Sheet Enero
D1: FORMATO REGISTRO ANUAL DE GENERACION DE RESIDUOS GENERADOS EN LA ATENCION EN SALUD Y OTRAS ACTIVIDADES | Q1: Version 2.0
Q3: Fecha: 08/03/2022
Q5: CODIGO
A7: 1. Nombre del Generador | D7: GESTAR SALUD IPS SEDE CIENAGA DE ORO CONTRIBUTIVO | K7: 6. Correo Electronico | N7: SEDECIENAGA@GESTARSALUDIPS.COM
A8: 2. Ciudad | D8: CIENAGA DE ORO | K8: 7. Responsable del diligenciamiento | N8: YULIS PAULINA DURANGO
A9: 3. Departamento | D9: CORDOBA | K9: 8. Cargo | N9: SERVICIOS GENERALES
A10: 4. Direccion | D10: CALLE 7 14-16 BARRIO CENTRO | K10: 9. Mes: | N10: ENERO
A11: 5. Telefono
A16: CONSOLIDACION RESIDUOS POR ESTABLECIMIENTO GENERADOR DE RESIDUOS
B18: 10 | C18: 11 | D18: 12 | E18: 13 | F18: 14 | G18: 15 | H18: 16 | I18: 17 | J18: 18 | K18: 19 | L18: 20 | M18: 21 | N18: 22 | O18: 23 | P18: 24 | Q18: 0 | R18: 26
A19: DÍA | B19: RESIDUOS NO PELIGROS | E19: Subtotal Residuos no peligrosos | F19: RESIDUOS PELIGROSOS | Q19: Subtotal Residuos Peligrosos | R19: TOTAL
F20: INFECCIOSO O RIESGO BIOLOGICO | J20: Subtotal residuos de riesgo biologico o infeccioso | K20: OTROS RESIDUOS CON LAS SIGUIENTES CARACTERISTICAS | P20: Subtotal otros residuos
B21: BIODEGRADABLES (KG/DÍA) | C21: RECICLABLES (KG/DÍA) | D21: ORDINARIOS (KG/DÍA) | F21: BIOSANITARIOS (KG/DÍA) | G21: ANATOMOPATOLOGICOS (KG/DÍA) | H21: CORTOPUNZANTES (KG/DÍA) | I21: ANIMALES (KG/DÍA) | K21: CORROSIVA (KG/DÍA) | L21: EXPLOSIVO (KG/DÍA) | M21: TOXICO (KG/DÍA) | N21: INFLAMABLE (KG/DÍA) | O21: REACTIVO (KG/DÍA)
A22: 1 | E22: =+SUM(B22:D22) -> 0 | J22: =+SUM(F22:I22) -> 0 | P22: =+SUM(K22:O22) -> 0 | Q22: =+J22+P22 -> 0 | R22: =+E22+Q22 -> 0
A23: 2 | E23: =+SUM(B23:D23) -> 0 | J23: =+SUM(F23:I23) -> 0 | P23: =+SUM(K23:O23) -> 0 | Q23: =+J23+P23 -> 0 | R23: =+E23+Q23 -> 0
A24: 3 | E24: =+SUM(B24:D24) -> 0 | J24: =+SUM(F24:I24) -> 0 | P24: =+SUM(K24:O24) -> 0 | Q24: =+J24+P24 -> 0 | R24: =+E24+Q24 -> 0
A25: 4 | E25: =+SUM(B25:D25) -> 0 | J25: =+SUM(F25:I25) -> 0 | P25: =+SUM(K25:O25) -> 0 | Q25: =+J25+P25 -> 0 | R25: =+E25+Q25 -> 0
A26: 5 | E26: =+SUM(B26:D26) -> 0 | J26: =+SUM(F26:I26) -> 0 | P26: =+SUM(K26:O26) -> 0 | Q26: =+J26+P26 -> 0 | R26: =+E26+Q26 -> 0
A27: 6 | E27: =+SUM(B27:D27) -> 0 | J27: =+SUM(F27:I27) -> 0 | P27: =+SUM(K27:O27) -> 0 | Q27: =+J27+P27 -> 0 | R27: =+E27+Q27 -> 0
A28: 7 | E28: =+SUM(B28:D28) -> 0 | J28: =+SUM(F28:I28) -> 0 | P28: =+SUM(K28:O28) -> 0 | Q28: =+J28+P28 -> 0 | R28: =+E28+Q28 -> 0
A29: 8 | D29: 3.2 | E29: =+SUM(B29:D29) -> 3.2 | J29: =+SUM(F29:I29) -> 0 | P29: =+SUM(K29:O29) -> 0 | Q29: =+J29+P29 -> 0 | R29: =+E29+Q29 -> 3.2
A30: 9 | E30: =+SUM(B30:D30) -> 0 | J30: =+SUM(F30:I30) -> 0 | P30: =+SUM(K30:O30) -> 0 | Q30: =+J30+P30 -> 0 | R30: =+E30+Q30 -> 0
A31: 10 | E31: =+SUM(B31:D31) -> 0 | J31: =+SUM(F31:I31) -> 0 | P31: =+SUM(K31:O31) -> 0 | Q31: =+J31+P31 -> 0 | R31: =+E31+Q31 -> 0
A32: 11 | E32: =+SUM(B32:D32) -> 0 | J32: =+SUM(F32:I32) -> 0 | P32: =+SUM(K32:O32) -> 0 | Q32: =+J32+P32 -> 0 | R32: =+E32+Q32 -> 0
A33: 12 | E33: =+SUM(B33:D33) -> 0 | J33: =+SUM(F33:I33) -> 0 | P33: =+SUM(K33:O33) -> 0 | Q33: =+J33+P33 -> 0 | R33: =+E33+Q33 -> 0
A34: 13 | E34: =+SUM(B34:D34) -> 0 | J34: =+SUM(F34:I34) -> 0 | P34: =+SUM(K34:O34) -> 0 | Q34: =+J34+P34 -> 0 | R34: =+E34+Q34 -> 0
A35: 14 | E35: =+SUM(B35:D35) -> 0 | J35: =+SUM(F35:I35) -> 0 | P35: =+SUM(K35:O35) -> 0 | Q35: =+J35+P35 -> 0 | R35: =+E35+Q35 -> 0
A36: 15 | E36: =+SUM(B36:D36) -> 0 | J36: =+SUM(F36:I36) -> 0 | P36: =+SUM(K36:O36) -> 0 | Q36: =+J36+P36 -> 0 | R36: =+E36+Q36 -> 0
A37: 16 | E37: =+SUM(B37:D37) -> 0 | J37: =+SUM(F37:I37) -> 0 | P37: =+SUM(K37:O37) -> 0 | Q37: =+J37+P37 -> 0 | R37: =+E37+Q37 -> 0
A38: 17 | E38: =+SUM(B38:D38) -> 0 | J38: =+SUM(F38:I38) -> 0 | P38: =+SUM(K38:O38) -> 0 | Q38: =+J38+P38 -> 0 | R38: =+E38+Q38 -> 0
A39: 18 | E39: =+SUM(B39:D39) -> 0 | J39: =+SUM(F39:I39) -> 0 | P39: =+SUM(K39:O39) -> 0 | Q39: =+J39+P39 -> 0 | R39: =+E39+Q39 -> 0
A40: 19 | E40: =+SUM(B40:D40) -> 0 | J40: =+SUM(F40:I40) -> 0 | P40: =+SUM(K40:O40) -> 0 | Q40: =+J40+P40 -> 0 | R40: =+E40+Q40 -> 0
A41: 20 | E41: =+SUM(B41:D41) -> 0 | J41: =+SUM(F41:I41) -> 0 | P41: =+SUM(K41:O41) -> 0 | Q41: =+J41+P41 -> 0 | R41: =+E41+Q41 -> 0
A42: 21 | E42: =+SUM(B42:D42) -> 0 | J42: =+SUM(F42:I42) -> 0 | P42: =+SUM(K42:O42) -> 0 | Q42: =+J42+P42 -> 0 | R42: =+E42+Q42 -> 0
A43: 22 | D43: 10 | E43: =+SUM(B43:D43) -> 10 | F43: 0.5 | J43: =+SUM(F43:I43) -> 0.5 | P43: =+SUM(K43:O43) -> 0 | Q43: =+J43+P43 -> 0.5 | R43: =+E43+Q43 -> 10.5
A44: 23 | E44: =+SUM(B44:D44) -> 0 | J44: =+SUM(F44:I44) -> 0 | P44: =+SUM(K44:O44) -> 0 | Q44: =+J44+P44 -> 0 | R44: =+E44+Q44 -> 0
A45: 24 | E45: =+SUM(B45:D45) -> 0 | J45: =+SUM(F45:I45) -> 0 | P45: =+SUM(K45:O45) -> 0 | Q45: =+J45+P45 -> 0 | R45: =+E45+Q45 -> 0
A46: 25 | E46: =+SUM(B46:D46) -> 0 | J46: =+SUM(F46:I46) -> 0 | P46: =+SUM(K46:O46) -> 0 | Q46: =+J46+P46 -> 0 | R46: =+E46+Q46 -> 0
A47: 26 | E47: =+SUM(B47:D47) -> 0 | J47: =+SUM(F47:I47) -> 0 | P47: =+SUM(K47:O47) -> 0 | Q47: =+J47+P47 -> 0 | R47: =+E47+Q47 -> 0
A48: 27 | E48: =+SUM(B48:D48) -> 0 | J48: =+SUM(F48:I48) -> 0 | P48: =+SUM(K48:O48) -> 0 | Q48: =+J48+P48 -> 0 | R48: =+E48+Q48 -> 0
A49: 28 | E49: =+SUM(B49:D49) -> 0 | J49: =+SUM(F49:I49) -> 0 | P49: =+SUM(K49:O49) -> 0 | Q49: =+J49+P49 -> 0 | R49: =+E49+Q49 -> 0
A50: 29 | E50: =+SUM(B50:D50) -> 0 | J50: =+SUM(F50:I50) -> 0 | P50: =+SUM(K50:O50) -> 0 | Q50: =+J50+P50 -> 0 | R50: =+E50+Q50 -> 0
A51: 30 | E51: =+SUM(B51:D51) -> 0 | J51: =+SUM(F51:I51) -> 0 | P51: =+SUM(K51:O51) -> 0 | Q51: =+J51+P51 -> 0 | R51: =+E51+Q51 -> 0
A52: 31 | E52: =+SUM(B52:D52) -> 0 | J52: =+SUM(F52:I52) -> 0 | P52: =+SUM(K52:O52) -> 0 | Q52: =+J52+P52 -> 0 | R52: =+E52+Q52 -> 0
A53: TOTAL (KG/MES) | B53: =+SUM(B22:B52) -> 0 | C53: =+SUM(C22:C52) -> 0 | D53: =+SUM(D22:D52) -> 13.2 | E53: =+SUM(E22:E52) -> 13.2 | F53: =+SUM(F22:F52) -> 0.5 | G53: =+SUM(G22:G52) -> 0 | H53: =+SUM(H22:H52) -> 0 | I53: =+SUM(I22:I52) -> 0 | ... R53: =+SUM(R22:R52) -> 13.7 | S53: =+E53+Q53 -> 13.7
A56: INDICADORES DE DESTINACION
B59: 27 | C59: 28 | D59: 29 | E59: 30 | F59: 31 | G59: 32 | J59: 33
A60: MES | B60: DESTINACIÓN DE RESIDUOS | G60: TOTAL | I60: MES | K60: INDICADORES DE DESTINACIÓN % | O60: INDICADOR TOTAL (%)
B61: DESACTIVACION (KG/MES) | C61: RECICLAJE (KG/MES) | D61: INCINERACIÓN (KG/MES) | E61: RELLENO SANITARIO (KG/MES) | F61: OTROS SISTEMAS DE DISPOSICION FINAL | J61: IDD | K61: IDR | L61: IDI | M61: IDRS | N61: IDOS
A62: Enero | B62: 0 | C62: 0 | D62: 0 | E62: 0 | F62: 13.7 | G62: =ROUND((SUM(B62:F62)),4) -> 13.7 | I62: Enero | J62: =(B62/$R$53)*100 -> 0 | K62: =(C62/$R$53)*100 -> 0 | L62: =(D62/$R$53)*100 -> 0 | M62: =(E62/$R$53)*100 -> 0 | N62: =(F62/$R$53)*100 -> 100 | O62: =ROUND(((SUM(J62:N62)/100)),0) -> 1
I65: IDD: Indicador de destinacion desactivacion de alta eficiencia
I66: IDR: Indicador de destinacion para reciclaje
I67: IDI: Indicador de destinacion para incineracion
I68: IDRS: Indicador de destinacion para relleno sanitario

Sheet Febrero
D1: FORMATO REGISTRO ANUAL DE GENERACION DE RESIDUOS GENERADOS EN LA ATENCION EN SALUD Y OTRAS ACTIVIDADES | Q1: Version 2.0
Q3: Fecha: 08/03/2022
Q5: CODIGO
A7: 1. Nombre del Generador | D7: GESTAR SALUD CIENAGA DE ORO - CONTRIBUTIVO | K7: 6. Correo Electronico | N7: SEDECIENAGA@GESTARSALUDIPS.COM
A8: 2. Ciudad | D8: CIENAGA DE ORO | K8: 7. Responsable del diligenciamiento | N8: YULIS DURANGO
A9: 3. Departamento | D9: CORDOBA | K9: 8. Cargo | N9: SERVICIOS GENERALES
A10: 4. Direccion | D10: CALLE 7 14-16 BARRIO CENTRO | K10: 9. Mes: | N10: FEBRERO
A11: 5. Telefono
A16: CONSOLIDACION RESIDUOS POR ESTABLECIMIENTO GENERADOR DE RESIDUOS
B18: 10 | C18: 11 | D18: 12 | E18: 13 | F18: 14 | G18: 15 | H18: 16 | I18: 17 | J18: 18 | K18: 19 | L18: 20 | M18: 21 | N18: 22 | O18: 23 | P18: 24 | Q18: 0 | R18: 26
A19: DÍA | B19: RESIDUOS NO PELIGROS | E19: Subtotal Residuos no peligrosos | F19: RESIDUOS PELIGROSOS | Q19: Subtotal Residuos Peligrosos | R19: TOTAL
F20: INFECCIOSO O RIESGO BIOLOGICO | J20: Subtotal residuos de riesgo biologico o infeccioso | K20: OTROS RESIDUOS CON LAS SIGUIENTES CARACTERISTICAS | P20: Subtotal otros residuos
B21: BIODEGRADABLES (KG/DÍA) | C21: RECICLABLES (KG/DÍA) | D21: ORDINARIOS (KG/DÍA) | F21: BIOSANITARIOS (KG/DÍA) | G21: ANATOMOPATOLOGICOS (KG/DÍA) | H21: CORTOPUNZANTES (KG/DÍA) | I21: ANIMALES (KG/DÍA) | K21: CORROSIVA (KG/DÍA) | L21: EXPLOSIVO (KG/DÍA) | M21: TOXICO (KG/DÍA) | N21: INFLAMABLE (KG/DÍA) | O21: REACTIVO (KG/DÍA)
A22: 1 | E22: =+SUM(B22:D22) -> 0 | J22: =+SUM(F22:I22) -> 0 | P22: =+SUM(K22:O22) -> 0 | Q22: =+J22+P22 -> 0 | R22: =+E22+Q22 -> 0
A23: 2 | E23: =+SUM(B23:D23) -> 0 | J23: =+SUM(F23:I23) -> 0 | P23: =+SUM(K23:O23) -> 0 | Q23: =+J23+P23 -> 0 | R23: =+E23+Q23 -> 0
A24: 3 | E24: =+SUM(B24:D24) -> 0 | J24: =+SUM(F24:I24) -> 0 | P24: =+SUM(K24:O24) -> 0 | Q24: =+J24+P24 -> 0 | R24: =+E24+Q24 -> 0
A25: 4 | E25: =+SUM(B25:D25) -> 0 | J25: =+SUM(F25:I25) -> 0 | P25: =+SUM(K25:O25) -> 0 | Q25: =+J25+P25 -> 0 | R25: =+E25+Q25 -> 0
A26: 5 | D26: 9 | E26: =+SUM(B26:D26) -> 9 | F26: 0.45 | J26: =+SUM(F26:I26) -> 0.45 | P26: =+SUM(K26:O26) -> 0 | Q26: =+J26+P26 -> 0.45 | R26: =+E26+Q26 -> 9.45
A27: 6 | E27: =+SUM(B27:D27) -> 0 | J27: =+SUM(F27:I27) -> 0 | P27: =+SUM(K27:O27) -> 0 | Q27: =+J27+P27 -> 0 | R27: =+E27+Q27 -> 0
A28: 7 | E28: =+SUM(B28:D28) -> 0 | J28: =+SUM(F28:I28) -> 0 | P28: =+SUM(K28:O28) -> 0 | Q28: =+J28+P28 -> 0 | R28: =+E28+Q28 -> 0
A29: 8 | E29: =+SUM(B29:D29) -> 0 | J29: =+SUM(F29:I29) -> 0 | P29: =+SUM(K29:O29) -> 0 | Q29: =+J29+P29 -> 0 | R29: =+E29+Q29 -> 0
A30: 9 | E30: =+SUM(B30:D30) -> 0 | J30: =+SUM(F30:I30) -> 0 | P30: =+SUM(K30:O30) -> 0 | Q30: =+J30+P30 -> 0 | R30: =+E30+Q30 -> 0
A31: 10 | E31: =+SUM(B31:D31) -> 0 | J31: =+SUM(F31:I31) -> 0 | P31: =+SUM(K31:O31) -> 0 | Q31: =+J31+P31 -> 0 | R31: =+E31+Q31 -> 0
A32: 11 | E32: =+SUM(B32:D32) -> 0 | J32: =+SUM(F32:I32) -> 0 | P32: =+SUM(K32:O32) -> 0 | Q32: =+J32+P32 -> 0 | R32: =+E32+Q32 -> 0
A33: 12 | E33: =+SUM(B33:D33) -> 0 | J33: =+SUM(F33:I33) -> 0 | P33: =+SUM(K33:O33) -> 0 | Q33: =+J33+P33 -> 0 | R33: =+E33+Q33 -> 0
A34: 13 | E34: =+SUM(B34:D34) -> 0 | J34: =+SUM(F34:I34) -> 0 | P34: =+SUM(K34:O34) -> 0 | Q34: =+J34+P34 -> 0 | R34: =+E34+Q34 -> 0
A35: 14 | E35: =+SUM(B35:D35) -> 0 | J35: =+SUM(F35:I35) -> 0 | P35: =+SUM(K35:O35) -> 0 | Q35: =+J35+P35 -> 0 | R35: =+E35+Q35 -> 0
A36: 15 | E36: =+SUM(B36:D36) -> 0 | J36: =+SUM(F36:I36) -> 0 | P36: =+SUM(K36:O36) -> 0 | Q36: =+J36+P36 -> 0 | R36: =+E36+Q36 -> 0
A37: 16 | E37: =+SUM(B37:D37) -> 0 | J37: =+SUM(F37:I37) -> 0 | P37: =+SUM(K37:O37) -> 0 | Q37: =+J37+P37 -> 0 | R37: =+E37+Q37 -> 0
A38: 17 | E38: =+SUM(B38:D38) -> 0 | J38: =+SUM(F38:I38) -> 0 | P38: =+SUM(K38:O38) -> 0 | Q38: =+J38+P38 -> 0 | R38: =+E38+Q38 -> 0
A39: 18 | E39: =+SUM(B39:D39) -> 0 | J39: =+SUM(F39:I39) -> 0 | P39: =+SUM(K39:O39) -> 0 | Q39: =+J39+P39 -> 0 | R39: =+E39+Q39 -> 0
A40: 19 | D40: 11 | E40: =+SUM(B40:D40) -> 11 | H40: 0.4 | J40: =+SUM(F40:I40) -> 0.4 | P40: =+SUM(K40:O40) -> 0 | Q40: =+J40+P40 -> 0.4 | R40: =+E40+Q40 -> 11.4
A41: 20 | E41: =+SUM(B41:D41) -> 0 | J41: =+SUM(F41:I41) -> 0 | P41: =+SUM(K41:O41) -> 0 | Q41: =+J41+P41 -> 0 | R41: =+E41+Q41 -> 0
A42: 21 | E42: =+SUM(B42:D42) -> 0 | J42: =+SUM(F42:I42) -> 0 | P42: =+SUM(K42:O42) -> 0 | Q42: =+J42+P42 -> 0 | R42: =+E42+Q42 -> 0
A43: 22 | E43: =+SUM(B43:D43) -> 0 | J43: =+SUM(F43:I43) -> 0 | P43: =+SUM(K43:O43) -> 0 | Q43: =+J43+P43 -> 0 | R43: =+E43+Q43 -> 0
A44: 23 | E44: =+SUM(B44:D44) -> 0 | J44: =+SUM(F44:I44) -> 0 | P44: =+SUM(K44:O44) -> 0 | Q44: =+J44+P44 -> 0 | R44: =+E44+Q44 -> 0
A45: 24 | E45: =+SUM(B45:D45) -> 0 | J45: =+SUM(F45:I45) -> 0 | P45: =+SUM(K45:O45) -> 0 | Q45: =+J45+P45 -> 0 | R45: =+E45+Q45 -> 0
A46: 25 | E46: =+SUM(B46:D46) -> 0 | J46: =+SUM(F46:I46) -> 0 | P46: =+SUM(K46:O46) -> 0 | Q46: =+J46+P46 -> 0 | R46: =+E46+Q46 -> 0
A47: 26 | E47: =+SUM(B47:D47) -> 0 | J47: =+SUM(F47:I47) -> 0 | P47: =+SUM(K47:O47) -> 0 | Q47: =+J47+P47 -> 0 | R47: =+E47+Q47 -> 0
A48: 27 | E48: =+SUM(B48:D48) -> 0 | J48: =+SUM(F48:I48) -> 0 | P48: =+SUM(K48:O48) -> 0 | Q48: =+J48+P48 -> 0 | R48: =+E48+Q48 -> 0
A49: 28 | E49: =+SUM(B49:D49) -> 0 | J49: =+SUM(F49:I49) -> 0 | P49: =+SUM(K49:O49) -> 0 | Q49: =+J49+P49 -> 0 | R49: =+E49+Q49 -> 0
E50: =+SUM(B50:D50) -> 0 | J50: =+SUM(F50:I50) -> 0 | P50: =+SUM(K50:O50) -> 0 | Q50: =+J50+P50 -> 0 | R50: =+E50+Q50 -> 0
E51: =+SUM(B51:D51) -> 0 | J51: =+SUM(F51:I51) -> 0 | P51: =+SUM(K51:O51) -> 0 | Q51: =+J51+P51 -> 0 | R51: =+E51+Q51 -> 0
E52: =+SUM(B52:D52) -> 0 | J52: =+SUM(F52:I52) -> 0 | P52: =+SUM(K52:O52) -> 0 | Q52: =+J52+P52 -> 0 | R52: =+E52+Q52 -> 0
A53: TOTAL (KG/MES) | B53: =+SUM(B22:B52) -> 0 | C53: =+SUM(C22:C52) -> 0 | D53: =+SUM(D22:D52) -> 20 | E53: =+SUM(E22:E52) -> 20 | F53: =+SUM(F22:F52) -> 0.45 | G53: =+SUM(G22:G52) -> 0 | H53: =+SUM(H22:H52) -> 0.4 | I53: =+SUM(I22:I52) -> 0 | ... R53: =+SUM(R22:R52) -> 20.85 | S53: =+E53+Q53 -> 20.85
A56: INDICADORES DE DESTINACION
B59: 27 | C59: 28 | D59: 29 | E59: 30 | F59: 31 | G59: 32 | J59: 33
A60: MES | B60: DESTINACIÓN DE RESIDUOS | G60: TOTAL | I60: MES | K60: INDICADORES DE DESTINACIÓN % | O60: INDICADOR TOTAL (%)
B61: DESACTIVACION (KG/MES) | C61: RECICLAJE (KG/MES) | D61: INCINERACIÓN (KG/MES) | E61: RELLENO SANITARIO (KG/MES) | F61: OTROS SISTEMAS DE DISPOSICION FINAL | J61: IDD | K61: IDR | L61: IDI | M61: IDRS | N61: IDOS
A62: Enero | B62: =+Enero!B62 -> 0 | C62: =+Enero!C62 -> 0 | D62: =+Enero!D62 -> 0 | E62: =+Enero!E62 -> 0 | F62: =+Enero!F62 -> 13.7 | G62: =SUM(B62:F62) -> 13.7 | I62: Enero | J62: =+Enero!J62 -> 0 | K62: =+Enero!K62 -> 0 | L62: =+Enero!L62 -> 0 | M62: =+Enero!M62 -> 0 | N62: =+Enero!N62 -> 100 | O62: =SUM(J62:N62)/100 -> 1
A63: Febrero | B63: 0 | C63: 0 | D63: 0 | E63: 0 | F63: 20.85 | G63: =+SUM(B63:F63) -> 20.85 | I63: Febrero | J63: =(B63/$R$53)*100 -> 0 | K63: =(C63/$R$53)*100 -> 0 | L63: =(D63/$R$53)*100 -> 0 | M63: =(E63/$R$53)*100 -> 0 | N63: =(F63/$R$53)*100 -> 100 | O63: =SUM(J63:N63)/100 -> 1
I65: IDD: Indicador de destinacion desactivacion de alta eficiencia
I66: IDR: Indicador de destinacion para reciclaje
I67: IDI: Indicador de destinacion para incineracion
I68: IDRS: Indicador de destinacion para relleno sanitario

Sheet Marzo
D1: FORMATO REGISTRO ANUAL DE GENERACION DE RESIDUOS GENERADOS EN LA ATENCION EN SALUD Y OTRAS ACTIVIDADES | Q1: Version 2.0
Q3: Fecha: 08/03/2022
Q5: CODIGO
A7: 1. Nombre del Generador | D7: GESTAR SALUD CIENAGA DE ORO- CONTRIBUTIVO | K7: 6. Correo Electronico | N7: SEDECIENAGA@GESTARSALUDIPS.COM
A8: 2. Ciudad | D8: CIENAGA DE ORO | K8: 7. Responsable del diligenciamiento | N8: YULIS DURANGO
A9: 3. Departamento | D9: CORDOBA | K9: 8. Cargo | N9: SERVICIOS GENERALES
A10: 4. Direccion | D10: CALLE 7 14-16 BARRIO CENTRO | K10: 9. Mes: | N10: MARZO
A11: 5. Telefono
A16: CONSOLIDACION RESIDUOS POR ESTABLECIMIENTO GENERADOR DE RESIDUOS
B18: 10 | C18: 11 | D18: 12 | E18: 13 | F18: 14 | G18: 15 | H18: 16 | I18: 17 | J18: 18 | K18: 19 | L18: 20 | M18: 21 | N18: 22 | O18: 23 | P18: 24 | Q18: 0 | R18: 26
A19: DÍA | B19: RESIDUOS NO PELIGROS | E19: Subtotal Residuos no peligrosos | F19: RESIDUOS PELIGROSOS | Q19: Subtotal Residuos Peligrosos | R19: TOTAL
F20: INFECCIOSO O RIESGO BIOLOGICO | J20: Subtotal residuos de riesgo biologico o infeccioso | K20: OTROS RESIDUOS CON LAS SIGUIENTES CARACTERISTICAS | P20: Subtotal otros residuos
B21: BIODEGRADABLES (KG/DÍA) | C21: RECICLABLES (KG/DÍA) | D21: ORDINARIOS (KG/DÍA) | F21: BIOSANITARIOS (KG/DÍA) | G21: ANATOMOPATOLOGICOS (KG/DÍA) | H21: CORTOPUNZANTES (KG/DÍA) | I21: ANIMALES (KG/DÍA) | K21: CORROSIVA (KG/DÍA) | L21: EXPLOSIVO (KG/DÍA) | M21: TOXICO (KG/DÍA) | N21: INFLAMABLE (KG/DÍA) | O21: REACTIVO (KG/DÍA)
A22: 1 | E22: =+SUM(B22:D22) -> 0 | J22: =+SUM(F22:I22) -> 0 | P22: =+SUM(K22:O22) -> 0 | Q22: =+J22+P22 -> 0 | R22: =+E22+Q22 -> 0
A23: 2 | E23: =+SUM(B23:D23) -> 0 | J23: =+SUM(F23:I23) -> 0 | P23: =+SUM(K23:O23) -> 0 | Q23: =+J23+P23 -> 0 | R23: =+E23+Q23 -> 0
A24: 3 | E24: =+SUM(B24:D24) -> 0 | J24: =+SUM(F24:I24) -> 0 | P24: =+SUM(K24:O24) -> 0 | Q24: =+J24+P24 -> 0 | R24: =+E24+Q24 -> 0
A25: 4 | E25: =+SUM(B25:D25) -> 0 | J25: =+SUM(F25:I25) -> 0 | P25: =+SUM(K25:O25) -> 0 | Q25: =+J25+P25 -> 0 | R25: =+E25+Q25 -> 0
A26: 5 | D26: 11.2 | E26: =+SUM(B26:D26) -> 11.2 | H26: 0.7 | J26: =+SUM(F26:I26) -> 0.7 | P26: =+SUM(K26:O26) -> 0 | Q26: =+J26+P26 -> 0.7 | R26: =+E26+Q26 -> 11.9
A27: 6 | E27: =+SUM(B27:D27) -> 0 | J27: =+SUM(F27:I27) -> 0 | P27: =+SUM(K27:O27) -> 0 | Q27: =+J27+P27 -> 0 | R27: =+E27+Q27 -> 0
A28: 7 | E28: =+SUM(B28:D28) -> 0 | J28: =+SUM(F28:I28) -> 0 | P28: =+SUM(K28:O28) -> 0 | Q28: =+J28+P28 -> 0 | R28: =+E28+Q28 -> 0
A29: 8 | E29: =+SUM(B29:D29) -> 0 | J29: =+SUM(F29:I29) -> 0 | P29: =+SUM(K29:O29) -> 0 | Q29: =+J29+P29 -> 0 | R29: =+E29+Q29 -> 0
A30: 9 | E30: =+SUM(B30:D30) -> 0 | J30: =+SUM(F30:I30) -> 0 | P30: =+SUM(K30:O30) -> 0 | Q30: =+J30+P30 -> 0 | R30: =+E30+Q30 -> 0
A31: 10 | E31: =+SUM(B31:D31) -> 0 | J31: =+SUM(F31:I31) -> 0 | P31: =+SUM(K31:O31) -> 0 | Q31: =+J31+P31 -> 0 | R31: =+E31+Q31 -> 0
A32: 11 | E32: =+SUM(B32:D32) -> 0 | J32: =+SUM(F32:I32) -> 0 | P32: =+SUM(K32:O32) -> 0 | Q32: =+J32+P32 -> 0 | R32: =+E32+Q32 -> 0
A33: 12 | E33: =+SUM(B33:D33) -> 0 | J33: =+SUM(F33:I33) -> 0 | P33: =+SUM(K33:O33) -> 0 | Q33: =+J33+P33 -> 0 | R33: =+E33+Q33 -> 0
A34: 13 | E34: =+SUM(B34:D34) -> 0 | J34: =+SUM(F34:I34) -> 0 | P34: =+SUM(K34:O34) -> 0 | Q34: =+J34+P34 -> 0 | R34: =+E34+Q34 -> 0
A35: 14 | E35: =+SUM(B35:D35) -> 0 | J35: =+SUM(F35:I35) -> 0 | P35: =+SUM(K35:O35) -> 0 | Q35: =+J35+P35 -> 0 | R35: =+E35+Q35 -> 0
A36: 15 | E36: =+SUM(B36:D36) -> 0 | J36: =+SUM(F36:I36) -> 0 | P36: =+SUM(K36:O36) -> 0 | Q36: =+J36+P36 -> 0 | R36: =+E36+Q36 -> 0
A37: 16 | E37: =+SUM(B37:D37) -> 0 | J37: =+SUM(F37:I37) -> 0 | P37: =+SUM(K37:O37) -> 0 | Q37: =+J37+P37 -> 0 | R37: =+E37+Q37 -> 0
A38: 17 | E38: =+SUM(B38:D38) -> 0 | J38: =+SUM(F38:I38) -> 0 | P38: =+SUM(K38:O38) -> 0 | Q38: =+J38+P38 -> 0 | R38: =+E38+Q38 -> 0
A39: 18 | E39: =+SUM(B39:D39) -> 0 | J39: =+SUM(F39:I39) -> 0 | P39: =+SUM(K39:O39) -> 0 | Q39: =+J39+P39 -> 0 | R39: =+E39+Q39 -> 0
A40: 19 | D40: 10 | E40: =+SUM(B40:D40) -> 10 | J40: =+SUM(F40:I40) -> 0 | P40: =+SUM(K40:O40) -> 0 | Q40: =+J40+P40 -> 0 | R40: =+E40+Q40 -> 10
A41: 20 | E41: =+SUM(B41:D41) -> 0 | J41: =+SUM(F41:I41) -> 0 | P41: =+SUM(K41:O41) -> 0 | Q41: =+J41+P41 -> 0 | R41: =+E41+Q41 -> 0
A42: 21 | E42: =+SUM(B42:D42) -> 0 | J42: =+SUM(F42:I42) -> 0 | P42: =+SUM(K42:O42) -> 0 | Q42: =+J42+P42 -> 0 | R42: =+E42+Q42 -> 0
A43: 22 | E43: =+SUM(B43:D43) -> 0 | J43: =+SUM(F43:I43) -> 0 | P43: =+SUM(K43:O43) -> 0 | Q43: =+J43+P43 -> 0 | R43: =+E43+Q43 -> 0
A44: 23 | E44: =+SUM(B44:D44) -> 0 | J44: =+SUM(F44:I44) -> 0 | P44: =+SUM(K44:O44) -> 0 | Q44: =+J44+P44 -> 0 | R44: =+E44+Q44 -> 0
A45: 24 | E45: =+SUM(B45:D45) -> 0 | J45: =+SUM(F45:I45) -> 0 | P45: =+SUM(K45:O45) -> 0 | Q45: =+J45+P45 -> 0 | R45: =+E45+Q45 -> 0
A46: 25 | E46: =+SUM(B46:D46) -> 0 | J46: =+SUM(F46:I46) -> 0 | P46: =+SUM(K46:O46) -> 0 | Q46: =+J46+P46 -> 0 | R46: =+E46+Q46 -> 0
A47: 26 | E47: =+SUM(B47:D47) -> 0 | J47: =+SUM(F47:I47) -> 0 | P47: =+SUM(K47:O47) -> 0 | Q47: =+J47+P47 -> 0 | R47: =+E47+Q47 -> 0
A48: 27 | E48: =+SUM(B48:D48) -> 0 | J48: =+SUM(F48:I48) -> 0 | P48: =+SUM(K48:O48) -> 0 | Q48: =+J48+P48 -> 0 | R48: =+E48+Q48 -> 0
A49: 28 | E49: =+SUM(B49:D49) -> 0 | J49: =+SUM(F49:I49) -> 0 | P49: =+SUM(K49:O49) -> 0 | Q49: =+J49+P49 -> 0 | R49: =+E49+Q49 -> 0
A50: 29 | E50: =+SUM(B50:D50) -> 0 | J50: =+SUM(F50:I50) -> 0 | P50: =+SUM(K50:O50) -> 0 | Q50: =+J50+P50 -> 0 | R50: =+E50+Q50 -> 0
A51: 30 | E51: =+SUM(B51:D51) -> 0 | J51: =+SUM(F51:I51) -> 0 | P51: =+SUM(K51:O51) -> 0 | Q51: =+J51+P51 -> 0 | R51: =+E51+Q51 -> 0
A52: 31 | E52: =+SUM(B52:D52) -> 0 | J52: =+SUM(F52:I52) -> 0 | P52: =+SUM(K52:O52) -> 0 | Q52: =+J52+P52 -> 0 | R52: =+E52+Q52 -> 0
A53: TOTAL (KG/MES) | B53: =+SUM(B22:B52) -> 0 | C53: =+SUM(C22:C52) -> 0 | D53: =+SUM(D22:D52) -> 21.2 | E53: =+SUM(E22:E52) -> 21.2 | F53: =+SUM(F22:F52) -> 0 | G53: =+SUM(G22:G52) -> 0 | H53: =+SUM(H22:H52) -> 0.7 | I53: =+SUM(I22:I52) -> 0 | ... R53: =+SUM(R22:R52) -> 21.9 | S53: =+E53+Q53 -> 21.9
A56: INDICADORES DE DESTINACION
B59: 27 | C59: 28 | D59: 29 | E59: 30 | F59: 31 | G59: 32 | J59: 33
A60: MES | B60: DESTINACIÓN DE RESIDUOS | G60: TOTAL | I60: MES | K60: INDICADORES DE DESTINACIÓN % | O60: INDICADOR TOTAL (%)
B61: DESACTIVACION (KG/MES) | C61: RECICLAJE (KG/MES) | D61: INCINERACIÓN (KG/MES) | E61: RELLENO SANITARIO (KG/MES) | F61: OTROS SISTEMAS DE DISPOSICION FINAL | J61: IDD | K61: IDR | L61: IDI | M61: IDRS | N61: IDOS
A62: Enero | B62: =+Enero!B62 -> 0 | C62: =+Enero!C62 -> 0 | D62: =+Enero!D62 -> 0 | E62: =+Enero!E62 -> 0 | F62: =+Enero!F62 -> 13.7 | G62: =SUM(B62:F62) -> 13.7 | I62: Enero | J62: =+Enero!J62 -> 0 | K62: =+Enero!K62 -> 0 | L62: =+Enero!L62 -> 0 | M62: =+Enero!M62 -> 0 | N62: =+Enero!N62 -> 100 | O62: =SUM(J62:N62)/100 -> 1
A63: Febrero | B63: =+Febrero!B63 -> 0 | C63: =+Febrero!C63 -> 0 | D63: =+Febrero!D63 -> 0 | E63: =+Febrero!E63 -> 0 | F63: =+Febrero!F63 -> 20.85 | G63: =+SUM(B63:F63) -> 20.85 | I63: Febrero | J63: =+Febrero!J63 -> 0 | K63: =+Febrero!K63 -> 0 | L63: =+Febrero!L63 -> 0 | M63: =+Febrero!M63 -> 0 | N63: =+Febrero!N63 -> 100 | O63: =SUM(J63:N63)/100 -> 1
A64: Marzo | B64: 0 | C64: 0 | D64: 0 | E64: 0 | F64: 21.9 | G64: =+SUM(B64:F64) -> 21.9 | I64: Marzo | J64: =(B64/$R$53)*100 -> 0 | K64: =(C64/$R$53)*100 -> 0 | L64: =(D64/$R$53)*100 -> 0 | M64: =(E64/$R$53)*100 -> 0 | N64: =(F64/$R$53)*100 -> 100 | O64: =SUM(J64:N64)/100 -> 1
I66: IDD: Indicador de destinacion desactivacion de alta eficiencia
I67: IDR: Indicador de destinacion para reciclaje
I68: IDI: Indicador de destinacion para incineracion
I69: IDRS: Indicador de destinacion para relleno sanitario

Sheet Abril
D1: FORMATO REGISTRO ANUAL DE GENERACION DE RESIDUOS GENERADOS EN LA ATENCION EN SALUD Y OTRAS ACTIVIDADES | Q1: Version 2.0
Q3: Fecha: 08/03/2022
Q5: CODIGO
A7: 1. Nombre del Generador | D7: GESTAR SALUD CIENAGA DE ORO- CONTRIBUTIVO | K7: 6. Correo Electronico | N7: SEDECIENAGA@GESTARSALUDIPS.COM
A8: 2. Ciudad | D8: CIENAGA DE ORO | K8: 7. Responsable del diligenciamiento | N8: YULIS DURANGO
A9: 3. Departamento | D9: CORDOBA | K9: 8. Cargo | N9: SERVICIOS GENERALES
A10: 4. Direccion | D10: CALLE 7 14-16 BARRIO CENTRO | K10: 9. Mes: | N10: ABRIL
A11: 5. Telefono
A16: CONSOLIDACION RESIDUOS POR ESTABLECIMIENTO GENERADOR DE RESIDUOS
B18: 10 | C18: 11 | D18: 12 | E18: 13 | F18: 14 | G18: 15 | H18: 16 | I18: 17 | J18: 18 | K18: 19 | L18: 20 | M18: 21 | N18: 22 | O18: 23 | P18: 24 | Q18: 0 | R18: 26
A19: DÍA | B19: RESIDUOS NO PELIGROS | E19: Subtotal Residuos no peligrosos | F19: RESIDUOS PELIGROSOS | Q19: Subtotal Residuos Peligrosos | R19: TOTAL
F20: INFECCIOSO O RIESGO BIOLOGICO | J20: Subtotal residuos de riesgo biologico o infeccioso | K20: OTROS RESIDUOS CON LAS SIGUIENTES CARACTERISTICAS | P20: Subtotal otros residuos
B21: BIODEGRADABLES (KG/DÍA) | C21: RECICLABLES (KG/DÍA) | D21: ORDINARIOS (KG/DÍA) | F21: BIOSANITARIOS (KG/DÍA) | G21: ANATOMOPATOLOGICOS (KG/DÍA) | H21: CORTOPUNZANTES (KG/DÍA) | I21: ANIMALES (KG/DÍA) | K21: CORROSIVA (KG/DÍA) | L21: EXPLOSIVO (KG/DÍA) | M21: TOXICO (KG/DÍA) | N21: INFLAMABLE (KG/DÍA) | O21: REACTIVO (KG/DÍA)
A22: 1 | E22: =+SUM(B22:D22) -> 0 | J22: =+SUM(F22:I22) -> 0 | P22: =+SUM(K22:O22) -> 0 | Q22: =+J22+P22 -> 0 | R22: =+E22+Q22 -> 0
A23: 2 | E23: =+SUM(B23:D23) -> 0 | J23: =+SUM(F23:I23) -> 0 | P23: =+SUM(K23:O23) -> 0 | Q23: =+J23+P23 -> 0 | R23: =+E23+Q23 -> 0
A24: 3 | E24: =+SUM(B24:D24) -> 0 | J24: =+SUM(F24:I24) -> 0 | P24: =+SUM(K24:O24) -> 0 | Q24: =+J24+P24 -> 0 | R24: =+E24+Q24 -> 0
A25: 4 | E25: =+SUM(B25:D25) -> 0 | J25: =+SUM(F25:I25) -> 0 | P25: =+SUM(K25:O25) -> 0 | Q25: =+J25+P25 -> 0 | R25: =+E25+Q25 -> 0
A26: 5 | E26: =+SUM(B26:D26) -> 0 | J26: =+SUM(F26:I26) -> 0 | P26: =+SUM(K26:O26) -> 0 | Q26: =+J26+P26 -> 0 | R26: =+E26+Q26 -> 0
A27: 6 | E27: =+SUM(B27:D27) -> 0 | J27: =+SUM(F27:I27) -> 0 | P27: =+SUM(K27:O27) -> 0 | Q27: =+J27+P27 -> 0 | R27: =+E27+Q27 -> 0
A28: 7 | E28: =+SUM(B28:D28) -> 0 | J28: =+SUM(F28:I28) -> 0 | P28: =+SUM(K28:O28) -> 0 | Q28: =+J28+P28 -> 0 | R28: =+E28+Q28 -> 0
A29: 8 | E29: =+SUM(B29:D29) -> 0 | J29: =+SUM(F29:I29) -> 0 | P29: =+SUM(K29:O29) -> 0 | Q29: =+J29+P29 -> 0 | R29: =+E29+Q29 -> 0
A30: 9 | E30: =+SUM(B30:D30) -> 0 | J30: =+SUM(F30:I30) -> 0 | P30: =+SUM(K30:O30) -> 0 | Q30: =+J30+P30 -> 0 | R30: =+E30+Q30 -> 0
A31: 10 | E31: =+SUM(B31:D31) -> 0 | J31: =+SUM(F31:I31) -> 0 | P31: =+SUM(K31:O31) -> 0 | Q31: =+J31+P31 -> 0 | R31: =+E31+Q31 -> 0
A32: 11 | E32: =+SUM(B32:D32) -> 0 | J32: =+SUM(F32:I32) -> 0 | P32: =+SUM(K32:O32) -> 0 | Q32: =+J32+P32 -> 0 | R32: =+E32+Q32 -> 0
A33: 12 | E33: =+SUM(B33:D33) -> 0 | J33: =+SUM(F33:I33) -> 0 | P33: =+SUM(K33:O33) -> 0 | Q33: =+J33+P33 -> 0 | R33: =+E33+Q33 -> 0
... A36: 15 | E36: =+SUM(B36:D36) -> 0 | J36: =+SUM(F36:I36) -> 0 | P36: =+SUM(K36:O36) -> 0 | Q36: =+J36+P36 -> 0 | R36: =+E36+Q36 -> 0
A37: 16 | D37: 10 | E37: =+SUM(B37:D37) -> 10 | J37: =+SUM(F37:I37) -> 0 | P37: =+SUM(K37:O37) -> 0 | Q37: =+J37+P37 -> 0 | R37: =+E37+Q37 -> 10
A38: 17 | E38: =+SUM(B38:D38) -> 0 | J38: =+SUM(F38:I38) -> 0 | P38: =+SUM(K38:O38) -> 0 | Q38: =+J38+P38 -> 0 | R38: =+E38+Q38 -> 0
A39: 18 | E39: =+SUM(B39:D39) -> 0 | J39: =+SUM(F39:I39) -> 0 | P39: =+SUM(K39:O39) -> 0 | Q39: =+J39+P39 -> 0 | R39: =+E39+Q39 -> 0
A40: 19 | E40: =+SUM(B40:D40) -> 0 | J40: =+SUM(F40:I40) -> 0 | P40: =+SUM(K40:O40) -> 0 | Q40: =+J40+P40 -> 0 | R40: =+E40+Q40 -> 0
A41: 20 | E41: =+SUM(B41:D41) -> 0 | J41: =+SUM(F41:I41) -> 0 | P41: =+SUM(K41:O41) -> 0 | Q41: =+J41+P41 -> 0 | R41: =+E41+Q41 -> 0
A42: 21 | E42: =+SUM(B42:D42) -> 0 | J42: =+SUM(F42:I42) -> 0 | P42: =+SUM(K42:O42) -> 0 | Q42: =+J42+P42 -> 0 | R42: =+E42+Q42 -> 0
A43: 22 | E43: =+SUM(B43:D43) -> 0 | J43: =+SUM(F43:I43) -> 0 | P43: =+SUM(K43:O43) -> 0 | Q43: =+J43+P43 -> 0 | R43: =+E43+Q43 -> 0
A44: 23 | E44: =+SUM(B44:D44) -> 0 | J44: =+SUM(F44:I44) -> 0 | P44: =+SUM(K44:O44) -> 0 | Q44: =+J44+P44 -> 0 | R44: =+E44+Q44 -> 0
A45: 24 | E45: =+SUM(B45:D45) -> 0 | J45: =+SUM(F45:I45) -> 0 | P45: =+SUM(K45:O45) -> 0 | Q45: =+J45+P45 -> 0 | R45: =+E45+Q45 -> 0
A46: 25 | E46: =+SUM(B46:D46) -> 0 | J46: =+SUM(F46:I46) -> 0 | P46: =+SUM(K46:O46) -> 0 | Q46: =+J46+P46 -> 0 | R46: =+E46+Q46 -> 0
A47: 26 | E47: =+SUM(B47:D47) -> 0 | J47: =+SUM(F47:I47) -> 0 | P47: =+SUM(K47:O47) -> 0 | Q47: =+J47+P47 -> 0 | R47: =+E47+Q47 -> 0
A48: 27 | E48: =+SUM(B48:D48) -> 0 | J48: =+SUM(F48:I48) -> 0 | P48: =+SUM(K48:O48) -> 0 | Q48: =+J48+P48 -> 0 | R48: =+E48+Q48 -> 0
A49: 28 | E49: =+SUM(B49:D49) -> 0 | J49: =+SUM(F49:I49) -> 0 | P49: =+SUM(K49:O49) -> 0 | Q49: =+J49+P49 -> 0 | R49: =+E49+Q49 -> 0
A50: 29 | E50: =+SUM(B50:D50) -> 0 | J50: =+SUM(F50:I50) -> 0 | P50: =+SUM(K50:O50) -> 0 | Q50: =+J50+P50 -> 0 | R50: =+E50+Q50 -> 0
A51: 30 | D51: 7.3 | E51: =+SUM(B51:D51) -> 7.3 | H51: 0.6 | I51: 17 | J51: =+SUM(F51:I51) -> 17.6 | P51: =+SUM(K51:O51) -> 0 | Q51: =+J51+P51 -> 17.6 | R51: =+E51+Q51 -> 24.9
E52: =+SUM(B52:D52) -> 0 | J52: =+SUM(F52:I52) -> 0 | P52: =+SUM(K52:O52) -> 0 | Q52: =+J52+P52 -> 0 | R52: =+E52+Q52 -> 0
A53: TOTAL (KG/MES) | B53: =+SUM(B22:B52) -> 0 | C53: =+SUM(C22:C52) -> 0 | D53: =+SUM(D22:D52) -> 17.3 | E53: =+SUM(E22:E52) -> 17.3 | F53: =+SUM(F22:F52) -> 0 | G53: =+SUM(G22:G52) -> 0 | H53: =+SUM(H22:H52) -> 0.6 | I53: =+SUM(I22:I52) -> 17 | ... R53: =+SUM(R22:R52) -> 34.9 | S53: =+E53+Q53 -> 34.9
A56: INDICADORES DE DESTINACION
B59: 27 | C59: 28 | D59: 29 | E59: 30 | F59: 31 | G59: 32 | J59: 33
A60: MES | B60: DESTINACIÓN DE RESIDUOS | G60: TOTAL | I60: MES | K60: INDICADORES DE DESTINACIÓN % | O60: INDICADOR TOTAL (%)
B61: DESACTIVACION (KG/MES) | C61: RECICLAJE (KG/MES) | D61: INCINERACIÓN (KG/MES) | E61: RELLENO SANITARIO (KG/MES) | F61: OTROS SISTEMAS DE DISPOSICION FINAL | J61: IDD | K61: IDR | L61: IDI | M61: IDRS | N61: IDOS
A62: Enero | B62: =+Enero!B62 -> 0 | C62: =+Enero!C62 -> 0 | D62: =+Enero!D62 -> 0 | E62: =+Enero!E62 -> 0 | F62: =+Enero!F62 -> 13.7 | G62: =SUM(B62:F62) -> 13.7 | I62: Enero | J62: =+Enero!J62 -> 0 | K62: =+Enero!K62 -> 0 | L62: =+Enero!L62 -> 0 | M62: =+Enero!M62 -> 0 | N62: =+Enero!N62 -> 100 | O62: =SUM(J62:N62)/100 -> 1
A63: Febrero | B63: =+Febrero!B63 -> 0 | C63: =+Febrero!C63 -> 0 | D63: =+Febrero!D63 -> 0 | E63: =+Febrero!E63 -> 0 | F63: =+Febrero!F63 -> 20.85 | G63: =+SUM(B63:F63) -> 20.85 | I63: Febrero | J63: =+Febrero!J63 -> 0 | K63: =+Febrero!K63 -> 0 | L63: =+Febrero!L63 -> 0 | M63: =+Febrero!M63 -> 0 | N63: =+Febrero!N63 -> 100 | O63: =SUM(J63:N63)/100 -> 1
A64: Marzo | B64: =+Marzo!B64 -> 0 | C64: =+Marzo!C64 -> 0 | D64: =+Marzo!D64 -> 0 | E64: =+Marzo!E64 -> 0 | F64: =+Marzo!F64 -> 21.9 | G64: =+SUM(B64:F64) -> 21.9 | I64: Marzo | J64: =+Marzo!J64 -> 0 | K64: =+Marzo!K64 -> 0 | L64: =+Marzo!L64 -> 0 | M64: =+Marzo!M64 -> 0 | N64: =+Marzo!N64 -> 100 | O64: =SUM(J64:N64)/100 -> 1
A65: Abril | B65: 0 | C65: 0 | D65: 0 | E65: 0 | F65: 34.9 | G65: =+SUM(B65:F65) -> 34.9 | I65: Abril | J65: =(B65/$R$53)*100 -> 0 | K65: =(C65/$R$53)*100 -> 0 | L65: =(D65/$R$53)*100 -> 0 | M65: =(E65/$R$53)*100 -> 0 | N65: =(F65/$R$53)*100 -> 100 | O65: =SUM(J65:N65)/100 -> 1
I67: IDD: Indicador de destinacion desactivacion de alta eficiencia
I68: IDR: Indicador de destinacion para reciclaje
I69: IDI: Indicador de destinacion para incineracion
I70: IDRS: Indicador de destinacion para relleno sanitario

Sheet Mayo
D1: FORMATO REGISTRO ANUAL DE GENERACION DE RESIDUOS GENERADOS EN LA ATENCION EN SALUD Y OTRAS ACTIVIDADES | Q1: Version 2.0
Q3: Fecha: 08/03/2022
Q5: CODIGO
A7: 1. Nombre del Generador | D7: GESTAR SALUD CIENAGA DE ORO CONTRIBUTIVO | K7: 6. Correo Electronico | N7: SEDECIENAGA@GESTARSALUDIPS.COM
A8: 2. Ciudad | D8: CIENAGA DE ORO | K8: 7. Responsable del diligenciamiento | N8: YULIS DURANGO
A9: 3. Departamento | D9: CORDOBA | K9: 8. Cargo | N9: SERVICIOS GENERALES
A10: 4. Direccion | D10: CALLE 7 14-16 BARRIO CENTRO | K10: 9. Mes: | N10: MAYO
A11: 5. Telefono
A16: CONSOLIDACION RESIDUOS POR ESTABLECIMIENTO GENERADOR DE RESIDUOS
B18: 10 | C18: 11 | D18: 12 | E18: 13 | F18: 14 | G18: 15 | H18: 16 | I18: 17 | J18: 18 | K18: 19 | L18: 20 | M18: 21 | N18: 22 | O18: 23 | P18: 24 | Q18: 0 | R18: 26
A19: DÍA | B19: RESIDUOS NO PELIGROS | E19: Subtotal Residuos no peligrosos | F19: RESIDUOS PELIGROSOS | Q19: Subtotal Residuos Peligrosos | R19: TOTAL
F20: INFECCIOSO O RIESGO BIOLOGICO | J20: Subtotal residuos de riesgo biologico o infeccioso | K20: OTROS RESIDUOS CON LAS SIGUIENTES CARACTERISTICAS | P20: Subtotal otros residuos
B21: BIODEGRADABLES (KG/DÍA) | C21: RECICLABLES (KG/DÍA) | D21: ORDINARIOS (KG/DÍA) | F21: BIOSANITARIOS (KG/DÍA) | G21: ANATOMOPATOLOGICOS (KG/DÍA) | H21: CORTOPUNZANTES (KG/DÍA) | I21: ANIMALES (KG/DÍA) | K21: CORROSIVA (KG/DÍA) | L21: EXPLOSIVO (KG/DÍA) | M21: TOXICO (KG/DÍA) | N21: INFLAMABLE (KG/DÍA) | O21: REACTIVO (KG/DÍA)
A22: 1 | E22: =+SUM(B22:D22) -> 0 | J22: =+SUM(F22:I22) -> 0 | P22: =+SUM(K22:O22) -> 0 | Q22: =+J22+P22 -> 0 | R22: =+E22+Q22 -> 0
A23: 2 | E23: =+SUM(B23:D23) -> 0 | J23: =+SUM(F23:I23) -> 0 | P23: =+SUM(K23:O23) -> 0 | Q23: =+J23+P23 -> 0 | R23: =+E23+Q23 -> 0
A24: 3 | E24: =+SUM(B24:D24) -> 0 | J24: =+SUM(F24:I24) -> 0 | P24: =+SUM(K24:O24) -> 0 | Q24: =+J24+P24 -> 0 | R24: =+E24+Q24 -> 0
A25: 4 | E25: =+SUM(B25:D25) -> 0 | J25: =+SUM(F25:I25) -> 0 | P25: =+SUM(K25:O25) -> 0 | Q25: =+J25+P25 -> 0 | R25: =+E25+Q25 -> 0
A26: 5 | E26: =+SUM(B26:D26) -> 0 | J26: =+SUM(F26:I26) -> 0 | P26: =+SUM(K26:O26) -> 0 | Q26: =+J26+P26 -> 0 | R26: =+E26+Q26 -> 0
A27: 6 | E27: =+SUM(B27:D27) -> 0 | J27: =+SUM(F27:I27) -> 0 | P27: =+SUM(K27:O27) -> 0 | Q27: =+J27+P27 -> 0 | R27: =+E27+Q27 -> 0
A28: 7 | E28: =+SUM(B28:D28) -> 0 | J28: =+SUM(F28:I28) -> 0 | P28: =+SUM(K28:O28) -> 0 | Q28: =+J28+P28 -> 0 | R28: =+E28+Q28 -> 0
A29: 8 | E29: =+SUM(B29:D29) -> 0 | J29: =+SUM(F29:I29) -> 0 | P29: =+SUM(K29:O29) -> 0 | Q29: =+J29+P29 -> 0 | R29: =+E29+Q29 -> 0
A30: 9 | E30: =+SUM(B30:D30) -> 0 | J30: =+SUM(F30:I30) -> 0 | P30: =+SUM(K30:O30) -> 0 | Q30: =+J30+P30 -> 0 | R30: =+E30+Q30 -> 0
A31: 10 | E31: =+SUM(B31:D31) -> 0 | J31: =+SUM(F31:I31) -> 0 | P31: =+SUM(K31:O31) -> 0 | Q31: =+J31+P31 -> 0 | R31: =+E31+Q31 -> 0
A32: 11 | E32: =+SUM(B32:D32) -> 0 | J32: =+SUM(F32:I32) -> 0 | P32: =+SUM(K32:O32) -> 0 | Q32: =+J32+P32 -> 0 | R32: =+E32+Q32 -> 0
A33: 12 | E33: =+SUM(B33:D33) -> 0 | J33: =+SUM(F33:I33) -> 0 | P33: =+SUM(K33:O33) -> 0 | Q33: =+J33+P33 -> 0 | R33: =+E33+Q33 -> 0
A34: 13 | E34: =+SUM(B34:D34) -> 0 | J34: =+SUM(F34:I34) -> 0 | P34: =+SUM(K34:O34) -> 0 | Q34: =+J34+P34 -> 0 | R34: =+E34+Q34 -> 0
A35: 14 | D35: 8 | E35: =+SUM(B35:D35) -> 8 | H35: 1 | J35: =+SUM(F35:I35) -> 1 | P35: =+SUM(K35:O35) -> 0 | Q35: =+J35+P35 -> 1 | R35: =+E35+Q35 -> 9
A36: 15 | E36: =+SUM(B36:D36) -> 0 | J36: =+SUM(F36:I36) -> 0 | P36: =+SUM(K36:O36) -> 0 | Q36: =+J36+P36 -> 0 | R36: =+E36+Q36 -> 0
A37: 16 | E37: =+SUM(B37:D37) -> 0 | J37: =+SUM(F37:I37) -> 0 | P37: =+SUM(K37:O37) -> 0 | Q37: =+J37+P37 -> 0 | R37: =+E37+Q37 -> 0
A38: 17 | E38: =+SUM(B38:D38) -> 0 | J38: =+SUM(F38:I38) -> 0 | P38: =+SUM(K38:O38) -> 0 | Q38: =+J38+P38 -> 0 | R38: =+E38+Q38 -> 0
A39: 18 | E39: =+SUM(B39:D39) -> 0 | J39: =+SUM(F39:I39) -> 0 | P39: =+SUM(K39:O39) -> 0 | Q39: =+J39+P39 -> 0 | R39: =+E39+Q39 -> 0
A40: 19 | E40: =+SUM(B40:D40) -> 0 | J40: =+SUM(F40:I40) -> 0 | P40: =+SUM(K40:O40) -> 0 | Q40: =+J40+P40 -> 0 | R40: =+E40+Q40 -> 0
A41: 20 | E41: =+SUM(B41:D41) -> 0 | J41: =+SUM(F41:I41) -> 0 | P41: =+SUM(K41:O41) -> 0 | Q41: =+J41+P41 -> 0 | R41: =+E41+Q41 -> 0
A42: 21 | E42: =+SUM(B42:D42) -> 0 | J42: =+SUM(F42:I42) -> 0 | P42: =+SUM(K42:O42) -> 0 | Q42: =+J42+P42 -> 0 | R42: =+E42+Q42 -> 0
A43: 22 | E43: =+SUM(B43:D43) -> 0 | J43: =+SUM(F43:I43) -> 0 | P43: =+SUM(K43:O43) -> 0 | Q43: =+J43+P43 -> 0 | R43: =+E43+Q43 -> 0
A44: 23 | E44: =+SUM(B44:D44) -> 0 | J44: =+SUM(F44:I44) -> 0 | P44: =+SUM(K44:O44) -> 0 | Q44: =+J44+P44 -> 0 | R44: =+E44+Q44 -> 0
A45: 24 | E45: =+SUM(B45:D45) -> 0 | J45: =+SUM(F45:I45) -> 0 | P45: =+SUM(K45:O45) -> 0 | Q45: =+J45+P45 -> 0 | R45: =+E45+Q45 -> 0
A46: 25 | E46: =+SUM(B46:D46) -> 0 | J46: =+SUM(F46:I46) -> 0 | P46: =+SUM(K46:O46) -> 0 | Q46: =+J46+P46 -> 0 | R46: =+E46+Q46 -> 0
A47: 26 | E47: =+SUM(B47:D47) -> 0 | J47: =+SUM(F47:I47) -> 0 | P47: =+SUM(K47:O47) -> 0 | Q47: =+J47+P47 -> 0 | R47: =+E47+Q47 -> 0
A48: 27 | E48: =+SUM(B48:D48) -> 0 | J48: =+SUM(F48:I48) -> 0 | P48: =+SUM(K48:O48) -> 0 | Q48: =+J48+P48 -> 0 | R48: =+E48+Q48 -> 0
A49: 28 | D49: 8.5 | E49: =+SUM(B49:D49) -> 8.5 | J49: =+SUM(F49:I49) -> 0 | P49: =+SUM(K49:O49) -> 0 | Q49: =+J49+P49 -> 0 | R49: =+E49+Q49 -> 8.5
A50: 29 | E50: =+SUM(B50:D50) -> 0 | J50: =+SUM(F50:I50) -> 0 | P50: =+SUM(K50:O50) -> 0 | Q50: =+J50+P50 -> 0 | R50: =+E50+Q50 -> 0
A51: 30 | E51: =+SUM(B51:D51) -> 0 | J51: =+SUM(F51:I51) -> 0 | P51: =+SUM(K51:O51) -> 0 | Q51: =+J51+P51 -> 0 | R51: =+E51+Q51 -> 0
A52: 31 | E52: =+SUM(B52:D52) -> 0 | J52: =+SUM(F52:I52) -> 0 | P52: =+SUM(K52:O52) -> 0 | Q52: =+J52+P52 -> 0 | R52: =+E52+Q52 -> 0
A53: TOTAL (KG/MES) | B53: =+SUM(B22:B52) -> 0 | C53: =+SUM(C22:C52) -> 0 | D53: =+SUM(D22:D52) -> 16.5 | E53: =+SUM(E22:E52) -> 16.5 | F53: =+SUM(F22:F52) -> 0 | G53: =+SUM(G22:G52) -> 0 | H53: =+SUM(H22:H52) -> 1 | I53: =+SUM(I22:I52) -> 0 | ... R53: =+SUM(R22:R52) -> 17.5 | S53: =+E53+Q53 -> 17.5
A56: INDICADORES DE DESTINACION
B59: 27 | C59: 28 | D59: 29 | E59: 30 | F59: 31 | G59: 32 | J59: 33
A60: MES | B60: DESTINACIÓN DE RESIDUOS | G60: TOTAL | I60: MES | K60: INDICADORES DE DESTINACIÓN % | O60: INDICADOR TOTAL (%)
B61: DESACTIVACION (KG/MES) | C61: RECICLAJE (KG/MES) | D61: INCINERACIÓN (KG/MES) | E61: RELLENO SANITARIO (KG/MES) | F61: OTROS SISTEMAS DE DISPOSICION FINAL | J61: IDD | K61: IDR | L61: IDI | M61: IDRS | N61: IDOS
A62: Enero | B62: =+Enero!B62 -> 0 | C62: =+Enero!C62 -> 0 | D62: =+Enero!D62 -> 0 | E62: =+Enero!E62 -> 0 | F62: =+Enero!F62 -> 13.7 | G62: =SUM(B62:F62) -> 13.7 | I62: Enero | J62: =+Enero!J62 -> 0 | K62: =+Enero!K62 -> 0 | L62: =+Enero!L62 -> 0 | M62: =+Enero!M62 -> 0 | N62: =+Enero!N62 -> 100 | O62: =SUM(J62:N62)/100 -> 1
A63: Febrero | B63: =+Febrero!B63 -> 0 | C63: =+Febrero!C63 -> 0 | D63: =+Febrero!D63 -> 0 | E63: =+Febrero!E63 -> 0 | F63: =+Febrero!F63 -> 20.85 | G63: =+SUM(B63:F63) -> 20.85 | I63: Febrero | J63: =+Febrero!J63 -> 0 | K63: =+Febrero!K63 -> 0 | L63: =+Febrero!L63 -> 0 | M63: =+Febrero!M63 -> 0 | N63: =+Febrero!N63 -> 100 | O63: =SUM(J63:N63)/100 -> 1
A64: Marzo | B64: =+Marzo!B64 -> 0 | C64: =+Marzo!C64 -> 0 | D64: =+Marzo!D64 -> 0 | E64: =+Marzo!E64 -> 0 | F64: =+Marzo!F64 -> 21.9 | G64: =+SUM(B64:F64) -> 21.9 | I64: Marzo | J64: =+Marzo!J64 -> 0 | K64: =+Marzo!K64 -> 0 | L64: =+Marzo!L64 -> 0 | M64: =+Marzo!M64 -> 0 | N64: =+Marzo!N64 -> 100 | O64: =SUM(J64:N64)/100 -> 1
A65: Abril | B65: =+Abril!B65 -> 0 | C65: =+Abril!C65 -> 0 | D65: =+Abril!D65 -> 0 | E65: =+Abril!E65 -> 0 | F65: =+Abril!F65 -> 34.9 | G65: =+SUM(B65:F65) -> 34.9 | I65: Abril | J65: =+Abril!J65 -> 0 | K65: =+Abril!K65 -> 0 | L65: =+Abril!L65 -> 0 | M65: =+Abril!M65 -> 0 | N65: =+Abril!N65 -> 100 | O65: =SUM(J65:N65)/100 -> 1
A66: Mayo | B66: 0 | C66: 0 | D66: 0 | E66: 0 | F66: 17.5 | G66: =+SUM(B66:F66) -> 17.5 | I66: Mayo | J66: =(B66/$R$53)*100 -> 0 | K66: =(C66/$R$53)*100 -> 0 | L66: =(D66/$R$53)*100 -> 0 | M66: =(E66/$R$53)*100 -> 0 | N66: =(F66/$R$53)*100 -> 100 | O66: =SUM(J66:N66)/100 -> 1
I68: IDD: Indicador de destinacion desactivacion de alta eficiencia
I69: IDR: Indicador de destinacion para reciclaje
I70: IDI: Indicador de destinacion para incineracion
I71: IDRS: Indicador de destinacion para relleno sanitario

Sheet Junio
D1: FORMATO REGISTRO ANUAL DE GENERACION DE RESIDUOS GENERADOS EN LA ATENCION EN SALUD Y OTRAS ACTIVIDADES | Q1: Version 2.0
Q3: Fecha: 08/03/2022
Q5: CODIGO
A7: 1. Nombre del Generador | D7: GESTAR SALUD SEDE CIENAGA CONTRIBUTIVO | K7: 6. Correo Electronico | N7: SEDECIENAGA@GESTARSALUDIPS.COM
A8: 2. Ciudad | D8: CIENAGA DE ORO | K8: 7. Responsable del diligenciamiento | N8: YULIS DURANGO
A9: 3. Departamento | D9: CORDOBA | K9: 8. Cargo | N9: SERVICIOS GENERALES
A10: 4. Direccion | D10: CALLE 7 14-16 BARRIO CENTRO | K10: 9. Mes: | N10: JUNIO
A11: 5. Telefono
A16: CONSOLIDACION RESIDUOS POR ESTABLECIMIENTO GENERADOR DE RESIDUOS
B18: 10 | C18: 11 | D18: 12 | E18: 13 | F18: 14 | G18: 15 | H18: 16 | I18: 17 | J18: 18 | K18: 19 | L18: 20 | M18: 21 | N18: 22 | O18: 23 | P18: 24 | Q18: 0 | R18: 26
A19: DÍA | B19: RESIDUOS NO PELIGROS | E19: Subtotal Residuos no peligrosos | F19: RESIDUOS PELIGROSOS | Q19: Subtotal Residuos Peligrosos | R19: TOTAL
F20: INFECCIOSO O RIESGO BIOLOGICO | J20: Subtotal residuos de riesgo biologico o infeccioso | K20: OTROS RESIDUOS CON LAS SIGUIENTES CARACTERISTICAS | P20: Subtotal otros residuos
B21: BIODEGRADABLES (KG/DÍA) | C21: RECICLABLES (KG/DÍA) | D21: ORDINARIOS (KG/DÍA) | F21: BIOSANITARIOS (KG/DÍA) | G21: ANATOMOPATOLOGICOS (KG/DÍA) | H21: CORTOPUNZANTES (KG/DÍA) | I21: ANIMALES (KG/DÍA) | K21: CORROSIVA (KG/DÍA) | L21: EXPLOSIVO (KG/DÍA) | M21: TOXICO (KG/DÍA) | N21: INFLAMABLE (KG/DÍA) | O21: REACTIVO (KG/DÍA)
A22: 1 | E22: =+SUM(B22:D22) -> 0 | J22: =+SUM(F22:I22) -> 0 | P22: =+SUM(K22:O22) -> 0 | Q22: =+J22+P22 -> 0 | R22: =+E22+Q22 -> 0
A23: 2 | E23: =+SUM(B23:D23) -> 0 | J23: =+SUM(F23:I23) -> 0 | P23: =+SUM(K23:O23) -> 0 | Q23: =+J23+P23 -> 0 | R23: =+E23+Q23 -> 0
A24: 3 | E24: =+SUM(B24:D24) -> 0 | J24: =+SUM(F24:I24) -> 0 | P24: =+SUM(K24:O24) -> 0 | Q24: =+J24+P24 -> 0 | R24: =+E24+Q24 -> 0
A25: 4 | E25: =+SUM(B25:D25) -> 0 | J25: =+SUM(F25:I25) -> 0 | P25: =+SUM(K25:O25) -> 0 | Q25: =+J25+P25 -> 0 | R25: =+E25+Q25 -> 0
A26: 5 | E26: =+SUM(B26:D26) -> 0 | J26: =+SUM(F26:I26) -> 0 | P26: =+SUM(K26:O26) -> 0 | Q26: =+J26+P26 -> 0 | R26: =+E26+Q26 -> 0
A27: 6 | E27: =+SUM(B27:D27) -> 0 | J27: =+SUM(F27:I27) -> 0 | P27: =+SUM(K27:O27) -> 0 | Q27: =+J27+P27 -> 0 | R27: =+E27+Q27 -> 0
A28: 7 | E28: =+SUM(B28:D28) -> 0 | J28: =+SUM(F28:I28) -> 0 | P28: =+SUM(K28:O28) -> 0 | Q28: =+J28+P28 -> 0 | R28: =+E28+Q28 -> 0
A29: 8 | E29: =+SUM(B29:D29) -> 0 | J29: =+SUM(F29:I29) -> 0 | P29: =+SUM(K29:O29) -> 0 | Q29: =+J29+P29 -> 0 | R29: =+E29+Q29 -> 0
A30: 9 | E30: =+SUM(B30:D30) -> 0 | J30: =+SUM(F30:I30) -> 0 | P30: =+SUM(K30:O30) -> 0 | Q30: =+J30+P30 -> 0 | R30: =+E30+Q30 -> 0
A31: 10 | E31: =+SUM(B31:D31) -> 0 | J31: =+SUM(F31:I31) -> 0 | P31: =+SUM(K31:O31) -> 0 | Q31: =+J31+P31 -> 0 | R31: =+E31+Q31 -> 0
A32: 11 | D32: 10 | E32: =+SUM(B32:D32) -> 10 | H32: 0.5 | J32: =+SUM(F32:I32) -> 0.5 | P32: =+SUM(K32:O32) -> 0 | Q32: =+J32+P32 -> 0.5 | R32: =+E32+Q32 -> 10.5
A33: 12 | E33: =+SUM(B33:D33) -> 0 | J33: =+SUM(F33:I33) -> 0 | P33: =+SUM(K33:O33) -> 0 | Q33: =+J33+P33 -> 0 | R33: =+E33+Q33 -> 0
A34: 13 | E34: =+SUM(B34:D34) -> 0 | J34: =+SUM(F34:I34) -> 0 | P34: =+SUM(K34:O34) -> 0 | Q34: =+J34+P34 -> 0 | R34: =+E34+Q34 -> 0
A35: 14 | E35: =+SUM(B35:D35) -> 0 | J35: =+SUM(F35:I35) -> 0 | P35: =+SUM(K35:O35) -> 0 | Q35: =+J35+P35 -> 0 | R35: =+E35+Q35 -> 0
A36: 15 | E36: =+SUM(B36:D36) -> 0 | J36: =+SUM(F36:I36) -> 0 | P36: =+SUM(K36:O36) -> 0 | Q36: =+J36+P36 -> 0 | R36: =+E36+Q36 -> 0
A37: 16 | E37: =+SUM(B37:D37) -> 0 | J37: =+SUM(F37:I37) -> 0 | P37: =+SUM(K37:O37) -> 0 | Q37: =+J37+P37 -> 0 | R37: =+E37+Q37 -> 0
A38: 17 | E38: =+SUM(B38:D38) -> 0 | J38: =+SUM(F38:I38) -> 0 | P38: =+SUM(K38:O38) -> 0 | Q38: =+J38+P38 -> 0 | R38: =+E38+Q38 -> 0
A39: 18 | E39: =+SUM(B39:D39) -> 0 | J39: =+SUM(F39:I39) -> 0 | P39: =+SUM(K39:O39) -> 0 | Q39: =+J39+P39 -> 0 | R39: =+E39+Q39 -> 0
A40: 19 | E40: =+SUM(B40:D40) -> 0 | J40: =+SUM(F40:I40) -> 0 | P40: =+SUM(K40:O40) -> 0 | Q40: =+J40+P40 -> 0 | R40: =+E40+Q40 -> 0
A41: 20 | E41: =+SUM(B41:D41) -> 0 | J41: =+SUM(F41:I41) -> 0 | P41: =+SUM(K41:O41) -> 0 | Q41: =+J41+P41 -> 0 | R41: =+E41+Q41 -> 0
A42: 21 | E42: =+SUM(B42:D42) -> 0 | J42: =+SUM(F42:I42) -> 0 | P42: =+SUM(K42:O42) -> 0 | Q42: =+J42+P42 -> 0 | R42: =+E42+Q42 -> 0
A43: 22 | E43: =+SUM(B43:D43) -> 0 | J43: =+SUM(F43:I43) -> 0 | P43: =+SUM(K43:O43) -> 0 | Q43: =+J43+P43 -> 0 | R43: =+E43+Q43 -> 0
A44: 23 | E44: =+SUM(B44:D44) -> 0 | J44: =+SUM(F44:I44) -> 0 | P44: =+SUM(K44:O44) -> 0 | Q44: =+J44+P44 -> 0 | R44: =+E44+Q44 -> 0
A45: 24 | E45: =+SUM(B45:D45) -> 0 | J45: =+SUM(F45:I45) -> 0 | P45: =+SUM(K45:O45) -> 0 | Q45: =+J45+P45 -> 0 | R45: =+E45+Q45 -> 0
A46: 25 | D46: 10.3 | E46: =+SUM(B46:D46) -> 10.3 | J46: =+SUM(F46:I46) -> 0 | P46: =+SUM(K46:O46) -> 0 | Q46: =+J46+P46 -> 0 | R46: =+E46+Q46 -> 10.3
A47: 26 | E47: =+SUM(B47:D47) -> 0 | J47: =+SUM(F47:I47) -> 0 | P47: =+SUM(K47:O47) -> 0 | Q47: =+J47+P47 -> 0 | R47: =+E47+Q47 -> 0
A48: 27 | E48: =+SUM(B48:D48) -> 0 | J48: =+SUM(F48:I48) -> 0 | P48: =+SUM(K48:O48) -> 0 | Q48: =+J48+P48 -> 0 | R48: =+E48+Q48 -> 0
A49: 28 | E49: =+SUM(B49:D49) -> 0 | J49: =+SUM(F49:I49) -> 0 | P49: =+SUM(K49:O49) -> 0 | Q49: =+J49+P49 -> 0 | R49: =+E49+Q49 -> 0
A50: 29 | E50: =+SUM(B50:D50) -> 0 | J50: =+SUM(F50:I50) -> 0 | P50: =+SUM(K50:O50) -> 0 | Q50: =+J50+P50 -> 0 | R50: =+E50+Q50 -> 0
A51: 30 | E51: =+SUM(B51:D51) -> 0 | J51: =+SUM(F51:I51) -> 0 | P51: =+SUM(K51:O51) -> 0 | Q51: =+J51+P51 -> 0 | R51: =+E51+Q51 -> 0
E52: =+SUM(B52:D52) -> 0 | J52: =+SUM(F52:I52) -> 0 | P52: =+SUM(K52:O52) -> 0 | Q52: =+J52+P52 -> 0 | R52: =+E52+Q52 -> 0
A53: TOTAL (KG/MES) | B53: =+SUM(B22:B52) -> 0 | C53: =+SUM(C22:C52) -> 0 | D53: =+SUM(D22:D52) -> 20.3 | E53: =+SUM(E22:E52) -> 20.3 | F53: =+SUM(F22:F52) -> 0 | G53: =+SUM(G22:G52) -> 0 | H53: =+SUM(H22:H52) -> 0.5 | I53: =+SUM(I22:I52) -> 0 | ... R53: =+SUM(R22:R52) -> 20.8 | S53: =+E53+Q53 -> 20.8
A56: INDICADORES DE DESTINACION
B59: 27 | C59: 28 | D59: 29 | E59: 30 | F59: 31 | G59: 32 | J59: 33
A60: MES | B60: DESTINACIÓN DE RESIDUOS | G60: TOTAL | I60: MES | K60: INDICADORES DE DESTINACIÓN % | O60: INDICADOR TOTAL (%)
B61: DESACTIVACION (KG/MES) | C61: RECICLAJE (KG/MES) | D61: INCINERACIÓN (KG/MES) | E61: RELLENO SANITARIO (KG/MES) | F61: OTROS SISTEMAS DE DISPOSICION FINAL | J61: IDD | K61: IDR | L61: IDI | M61: IDRS | N61: IDOS
A62: Enero | B62: =+Enero!B62 -> 0 | C62: =+Enero!C62 -> 0 | D62: =+Enero!D62 -> 0 | E62: =+Enero!E62 -> 0 | F62: =+Enero!F62 -> 13.7 | G62: =SUM(B62:F62) -> 13.7 | I62: Enero | J62: =+Enero!J62 -> 0 | K62: =+Enero!K62 -> 0 | L62: =+Enero!L62 -> 0 | M62: =+Enero!M62 -> 0 | N62: =+Enero!N62 -> 100 | O62: =SUM(J62:N62)/100 -> 1
A63: Febrero | B63: =+Febrero!B63 -> 0 | C63: =+Febrero!C63 -> 0 | D63: =+Febrero!D63 -> 0 | E63: =+Febrero!E63 -> 0 | F63: =+Febrero!F63 -> 20.85 | G63: =+SUM(B63:F63) -> 20.85 | I63: Febrero | J63: =+Febrero!J63 -> 0 | K63: =+Febrero!K63 -> 0 | L63: =+Febrero!L63 -> 0 | M63: =+Febrero!M63 -> 0 | N63: =+Febrero!N63 -> 100 | O63: =SUM(J63:N63)/100 -> 1
A64: Marzo | B64: =+Marzo!B64 -> 0 | C64: =+Marzo!C64 -> 0 | D64: =+Marzo!D64 -> 0 | E64: =+Marzo!E64 -> 0 | F64: =+Marzo!F64 -> 21.9 | G64: =+SUM(B64:F64) -> 21.9 | I64: Marzo | J64: =+Marzo!J64 -> 0 | K64: =+Marzo!K64 -> 0 | L64: =+Marzo!L64 -> 0 | M64: =+Marzo!M64 -> 0 | N64: =+Marzo!N64 -> 100 | O64: =SUM(J64:N64)/100 -> 1
A65: Abril | B65: =+Abril!B65 -> 0 | C65: =+Abril!C65 -> 0 | D65: =+Abril!D65 -> 0 | E65: =+Abril!E65 -> 0 | F65: =+Abril!F65 -> 34.9 | G65: =+SUM(B65:F65) -> 34.9 | I65: Abril | J65: =+Abril!J65 -> 0 | K65: =+Abril!K65 -> 0 | L65: =+Abril!L65 -> 0 | M65: =+Abril!M65 -> 0 | N65: =+Abril!N65 -> 100 | O65: =SUM(J65:N65)/100 -> 1
A66: Mayo | B66: =+Mayo!B66 -> 0 | C66: =+Mayo!C66 -> 0 | D66: =+Mayo!D66 -> 0 | E66: =+Mayo!E66 -> 0 | F66: =+Mayo!F66 -> 17.5 | G66: =+SUM(B66:F66) -> 17.5 | I66: Mayo | J66: =+Mayo!J66 -> 0 | K66: =+Mayo!K66 -> 0 | L66: =+Mayo!L66 -> 0 | M66: =+Mayo!M66 -> 0 | N66: =+Mayo!N66 -> 100 | O66: =SUM(J66:N66)/100 -> 1
A67: Junio | B67: 0 | C67: 0 | D67: 0 | E67: 0 | F67: 20.8 | G67: =+SUM(B67:F67) -> 20.8 | I67: Junio | J67: =(B67/$R$53)*100 -> 0 | K67: =(C67/$R$53)*100 -> 0 | L67: =(D67/$R$53)*100 -> 0 | M67: =(E67/$R$53)*100 -> 0 | N67: =(F67/$R$53)*100 -> 100 | O67: =SUM(J67:N67)/100 -> 1
I69: IDD: Indicador de destinacion desactivacion de alta eficiencia
I70: IDR: Indicador de destinacion para reciclaje
I71: IDI: Indicador de destinacion para incineracion
I72: IDRS: Indicador de destinacion para relleno sanitario

Sheet Julio
D1: FORMATO REGISTRO ANUAL DE GENERACION DE RESIDUOS GENERADOS EN LA ATENCION EN SALUD Y OTRAS ACTIVIDADES | Q1: Version 2.0
Q3: Fecha: 08/03/2022
Q5: CODIGO
A7: 1. Nombre del Generador | D7: GESTAR SALUD CIENAGA DE ORO CONTRIBUTIVO | K7: 6. Correo Electronico | N7: SEDECIENAGA@GESTARSALUDIPS.COM
A8: 2. Ciudad | D8: CIENAGA DE ORO | K8: 7. Responsable del diligenciamiento | N8: YULIS DURANGO
A9: 3. Departamento | D9: CORDOBA | K9: 8. Cargo | N9: SERVICIOS GENERALES
A10: 4. Direccion | D10: CALLE 7 14-16 BARRIO CENTRO | K10: 9. Mes: | N10: JULIO
A11: 5. Telefono
A16: CONSOLIDACION RESIDUOS POR ESTABLECIMIENTO GENERADOR DE RESIDUOS
B18: 10 | C18: 11 | D18: 12 | E18: 13 | F18: 14 | G18: 15 | H18: 16 | I18: 17 | J18: 18 | K18: 19 | L18: 20 | M18: 21 | N18: 22 | O18: 23 | P18: 24 | Q18: 0 | R18: 26
A19: DÍA | B19: RESIDUOS NO PELIGROS | E19: Subtotal Residuos no peligrosos | F19: RESIDUOS PELIGROSOS | Q19: Subtotal Residuos Peligrosos | R19: TOTAL
F20: INFECCIOSO O RIESGO BIOLOGICO | J20: Subtotal residuos de riesgo biologico o infeccioso | K20: OTROS RESIDUOS CON LAS SIGUIENTES CARACTERISTICAS | P20: Subtotal otros residuos
B21: BIODEGRADABLES (KG/DÍA) | C21: RECICLABLES (KG/DÍA) | D21: ORDINARIOS (KG/DÍA) | F21: BIOSANITARIOS (KG/DÍA) | G21: ANATOMOPATOLOGICOS (KG/DÍA) | H21: CORTOPUNZANTES (KG/DÍA) | I21: ANIMALES (KG/DÍA) | K21: CORROSIVA (KG/DÍA) | L21: EXPLOSIVO (KG/DÍA) | M21: TOXICO (KG/DÍA) | N21: INFLAMABLE (KG/DÍA) | O21: REACTIVO (KG/DÍA)
A22: 1 | E22: =+SUM(B22:D22) -> 0 | J22: =+SUM(F22:I22) -> 0 | P22: =+SUM(K22:O22) -> 0 | Q22: =+J22+P22 -> 0 | R22: =+E22+Q22 -> 0
A23: 2 | E23: =+SUM(B23:D23) -> 0 | J23: =+SUM(F23:I23) -> 0 | P23: =+SUM(K23:O23) -> 0 | Q23: =+J23+P23 -> 0 | R23: =+E23+Q23 -> 0
A24: 3 | E24: =+SUM(B24:D24) -> 0 | J24: =+SUM(F24:I24) -> 0 | P24: =+SUM(K24:O24) -> 0 | Q24: =+J24+P24 -> 0 | R24: =+E24+Q24 -> 0
A25: 4 | E25: =+SUM(B25:D25) -> 0 | J25: =+SUM(F25:I25) -> 0 | P25: =+SUM(K25:O25) -> 0 | Q25: =+J25+P25 -> 0 | R25: =+E25+Q25 -> 0
A26: 5 | E26: =+SUM(B26:D26) -> 0 | J26: =+SUM(F26:I26) -> 0 | P26: =+SUM(K26:O26) -> 0 | Q26: =+J26+P26 -> 0 | R26: =+E26+Q26 -> 0
A27: 6 | E27: =+SUM(B27:D27) -> 0 | J27: =+SUM(F27:I27) -> 0 | P27: =+SUM(K27:O27) -> 0 | Q27: =+J27+P27 -> 0 | R27: =+E27+Q27 -> 0
A28: 7 | E28: =+SUM(B28:D28) -> 0 | J28: =+SUM(F28:I28) -> 0 | P28: =+SUM(K28:O28) -> 0 | Q28: =+J28+P28 -> 0 | R28: =+E28+Q28 -> 0
A29: 8 | E29: =+SUM(B29:D29) -> 0 | J29: =+SUM(F29:I29) -> 0 | P29: =+SUM(K29:O29) -> 0 | Q29: =+J29+P29 -> 0 | R29: =+E29+Q29 -> 0
A30: 9 | D30: 9 | E30: =+SUM(B30:D30) -> 9 | H30: 0.5 | J30: =+SUM(F30:I30) -> 0.5 | P30: =+SUM(K30:O30) -> 0 | Q30: =+J30+P30 -> 0.5 | R30: =+E30+Q30 -> 9.5
A31: 10 | E31: =+SUM(B31:D31) -> 0 | J31: =+SUM(F31:I31) -> 0 | P31: =+SUM(K31:O31) -> 0 | Q31: =+J31+P31 -> 0 | R31: =+E31+Q31 -> 0
A32: 11 | E32: =+SUM(B32:D32) -> 0 | J32: =+SUM(F32:I32) -> 0 | P32: =+SUM(K32:O32) -> 0 | Q32: =+J32+P32 -> 0 | R32: =+E32+Q32 -> 0
A33: 12 | E33: =+SUM(B33:D33) -> 0 | J33: =+SUM(F33:I33) -> 0 | P33: =+SUM(K33:O33) -> 0 | Q33: =+J33+P33 -> 0 | R33: =+E33+Q33 -> 0
A34: 13 | E34: =+SUM(B34:D34) -> 0 | J34: =+SUM(F34:I34) -> 0 | P34: =+SUM(K34:O34) -> 0 | Q34: =+J34+P34 -> 0 | R34: =+E34+Q34 -> 0
A35: 14 | E35: =+SUM(B35:D35) -> 0 | J35: =+SUM(F35:I35) -> 0 | P35: =+SUM(K35:O35) -> 0 | Q35: =+J35+P35 -> 0 | R35: =+E35+Q35 -> 0
A36: 15 | E36: =+SUM(B36:D36) -> 0 | J36: =+SUM(F36:I36) -> 0 | P36: =+SUM(K36:O36) -> 0 | Q36: =+J36+P36 -> 0 | R36: =+E36+Q36 -> 0
A37: 16 | E37: =+SUM(B37:D37) -> 0 | J37: =+SUM(F37:I37) -> 0 | P37: =+SUM(K37:O37) -> 0 | Q37: =+J37+P37 -> 0 | R37: =+E37+Q37 -> 0
A38: 17 | E38: =+SUM(B38:D38) -> 0 | J38: =+SUM(F38:I38) -> 0 | P38: =+SUM(K38:O38) -> 0 | Q38: =+J38+P38 -> 0 | R38: =+E38+Q38 -> 0
A39: 18 | E39: =+SUM(B39:D39) -> 0 | J39: =+SUM(F39:I39) -> 0 | P39: =+SUM(K39:O39) -> 0 | Q39: =+J39+P39 -> 0 | R39: =+E39+Q39 -> 0
A40: 19 | E40: =+SUM(B40:D40) -> 0 | J40: =+SUM(F40:I40) -> 0 | P40: =+SUM(K40:O40) -> 0 | Q40: =+J40+P40 -> 0 | R40: =+E40+Q40 -> 0
A41: 20 | E41: =+SUM(B41:D41) -> 0 | J41: =+SUM(F41:I41) -> 0 | P41: =+SUM(K41:O41) -> 0 | Q41: =+J41+P41 -> 0 | R41: =+E41+Q41 -> 0
A42: 21 | E42: =+SUM(B42:D42) -> 0 | J42: =+SUM(F42:I42) -> 0 | P42: =+SUM(K42:O42) -> 0 | Q42: =+J42+P42 -> 0 | R42: =+E42+Q42 -> 0
A43: 22 | E43: =+SUM(B43:D43) -> 0 | J43: =+SUM(F43:I43) -> 0 | P43: =+SUM(K43:O43) -> 0 | Q43: =+J43+P43 -> 0 | R43: =+E43+Q43 -> 0
A44: 23 | D44: 10 | E44: =+SUM(B44:D44) -> 10 | J44: =+SUM(F44:I44) -> 0 | P44: =+SUM(K44:O44) -> 0 | Q44: =+J44+P44 -> 0 | R44: =+E44+Q44 -> 10
A45: 24 | E45: =+SUM(B45:D45) -> 0 | J45: =+SUM(F45:I45) -> 0 | P45: =+SUM(K45:O45) -> 0 | Q45: =+J45+P45 -> 0 | R45: =+E45+Q45 -> 0
A46: 25 | E46: =+SUM(B46:D46) -> 0 | J46: =+SUM(F46:I46) -> 0 | P46: =+SUM(K46:O46) -> 0 | Q46: =+J46+P46 -> 0 | R46: =+E46+Q46 -> 0
A47: 26 | E47: =+SUM(B47:D47) -> 0 | J47: =+SUM(F47:I47) -> 0 | P47: =+SUM(K47:O47) -> 0 | Q47: =+J47+P47 -> 0 | R47: =+E47+Q47 -> 0
A48: 27 | E48: =+SUM(B48:D48) -> 0 | J48: =+SUM(F48:I48) -> 0 | P48: =+SUM(K48:O48) -> 0 | Q48: =+J48+P48 -> 0 | R48: =+E48+Q48 -> 0
A49: 28 | E49: =+SUM(B49:D49) -> 0 | J49: =+SUM(F49:I49) -> 0 | P49: =+SUM(K49:O49) -> 0 | Q49: =+J49+P49 -> 0 | R49: =+E49+Q49 -> 0
A50: 29 | E50: =+SUM(B50:D50) -> 0 | J50: =+SUM(F50:I50) -> 0 | P50: =+SUM(K50:O50) -> 0 | Q50: =+J50+P50 -> 0 | R50: =+E50+Q50 -> 0
A51: 30 | E51: =+SUM(B51:D51) -> 0 | J51: =+SUM(F51:I51) -> 0 | P51: =+SUM(K51:O51) -> 0 | Q51: =+J51+P51 -> 0 | R51: =+E51+Q51 -> 0
A52: 31 | E52: =+SUM(B52:D52) -> 0 | J52: =+SUM(F52:I52) -> 0 | P52: =+SUM(K52:O52) -> 0 | Q52: =+J52+P52 -> 0 | R52: =+E52+Q52 -> 0
A53: TOTAL (KG/MES) | B53: =+SUM(B22:B52) -> 0 | C53: =+SUM(C22:C52) -> 0 | D53: =+SUM(D22:D52) -> 19 | E53: =+SUM(E22:E52) -> 19 | F53: =+SUM(F22:F52) -> 0 | G53: =+SUM(G22:G52) -> 0 | H53: =+SUM(H22:H52) -> 0.5 | I53: =+SUM(I22:I52) -> 0 | ... R53: =+SUM(R22:R52) -> 19.5 | S53: =+E53+Q53 -> 19.5
A56: INDICADORES DE DESTINACION
B59: 27 | C59: 28 | D59: 29 | E59: 30 | F59: 31 | G59: 32 | J59: 33
A60: MES | B60: DESTINACIÓN DE RESIDUOS | G60: TOTAL | I60: MES | K60: INDICADORES DE DESTINACIÓN % | O60: INDICADOR TOTAL (%)
B61: DESACTIVACION (KG/MES) | C61: RECICLAJE (KG/MES) | D61: INCINERACIÓN (KG/MES) | E61: RELLENO SANITARIO (KG/MES) | F61: OTROS SISTEMAS DE DISPOSICION FINAL | J61: IDD | K61: IDR | L61: IDI | M61: IDRS | N61: IDOS
A62: Enero | B62: =+Enero!B62 -> 0 | C62: =+Enero!C62 -> 0 | D62: =+Enero!D62 -> 0 | E62: =+Enero!E62 -> 0 | F62: =+Enero!F62 -> 13.7 | G62: =SUM(B62:F62) -> 13.7 | I62: Enero | J62: =+Enero!J62 -> 0 | K62: =+Enero!K62 -> 0 | L62: =+Enero!L62 -> 0 | M62: =+Enero!M62 -> 0 | N62: =+Enero!N62 -> 100 | O62: =SUM(J62:N62)/100 -> 1
A63: Febrero | B63: =+Febrero!B63 -> 0 | C63: =+Febrero!C63 -> 0 | D63: =+Febrero!D63 -> 0 | E63: =+Febrero!E63 -> 0 | F63: =+Febrero!F63 -> 20.85 | G63: =+SUM(B63:F63) -> 20.85 | I63: Febrero | J63: =+Febrero!J63 -> 0 | K63: =+Febrero!K63 -> 0 | L63: =+Febrero!L63 -> 0 | M63: =+Febrero!M63 -> 0 | N63: =+Febrero!N63 -> 100 | O63: =SUM(J63:N63)/100 -> 1
A64: Marzo | B64: =+Marzo!B64 -> 0 | C64: =+Marzo!C64 -> 0 | D64: =+Marzo!D64 -> 0 | E64: =+Marzo!E64 -> 0 | F64: =+Marzo!F64 -> 21.9 | G64: =+SUM(B64:F64) -> 21.9 | I64: Marzo | J64: =+Marzo!J64 -> 0 | K64: =+Marzo!K64 -> 0 | L64: =+Marzo!L64 -> 0 | M64: =+Marzo!M64 -> 0 | N64: =+Marzo!N64 -> 100 | O64: =SUM(J64:N64)/100 -> 1
A65: Abril | B65: =+Abril!B65 -> 0 | C65: =+Abril!C65 -> 0 | D65: =+Abril!D65 -> 0 | E65: =+Abril!E65 -> 0 | F65: =+Abril!F65 -> 34.9 | G65: =+SUM(B65:F65) -> 34.9 | I65: Abril | J65: =+Abril!J65 -> 0 | K65: =+Abril!K65 -> 0 | L65: =+Abril!L65 -> 0 | M65: =+Abril!M65 -> 0 | N65: =+Abril!N65 -> 100 | O65: =SUM(J65:N65)/100 -> 1
A66: Mayo | B66: =+Mayo!B66 -> 0 | C66: =+Mayo!C66 -> 0 | D66: =+Mayo!D66 -> 0 | E66: =+Mayo!E66 -> 0 | F66: =+Mayo!F66 -> 17.5 | G66: =+SUM(B66:F66) -> 17.5 | I66: Mayo | J66: =+Mayo!J66 -> 0 | K66: =+Mayo!K66 -> 0 | L66: =+Mayo!L66 -> 0 | M66: =+Mayo!M66 -> 0 | N66: =+Mayo!N66 -> 100 | O66: =SUM(J66:N66)/100 -> 1
A67: Junio | B67: =+Junio!B67 -> 0 | C67: =+Junio!C67 -> 0 | D67: =+Junio!D67 -> 0 | E67: =+Junio!E67 -> 0 | F67: =+Junio!F67 -> 20.8 | G67: =+SUM(B67:F67) -> 20.8 | I67: Junio | J67: =+Junio!J67 -> 0 | K67: =+Junio!K67 -> 0 | L67: =+Junio!L67 -> 0 | M67: =+Junio!M67 -> 0 | N67: =+Junio!N67 -> 100 | O67: =SUM(J67:N67)/100 -> 1
A68: Julio | B68: 0 | C68: 0 | D68: 0 | E68: 0 | F68: 19.5 | G68: =+SUM(B68:F68) -> 19.5 | I68: Julio | J68: =(B68/$R$53)*100 -> 0 | K68: =(C68/$R$53)*100 -> 0 | L68: =(D68/$R$53)*100 -> 0 | M68: =(E68/$R$53)*100 -> 0 | N68: =(F68/$R$53)*100 -> 100 | O68: =SUM(J68:N68)/100 -> 1
I70: IDD: Indicador de destinacion desactivacion de alta eficiencia
I71: IDR: Indicador de destinacion para reciclaje
I72: IDI: Indicador de destinacion para incineracion
I73: IDRS: Indicador de destinacion para relleno sanitario

Sheet Agosto
D1: FORMATO REGISTRO ANUAL DE GENERACION DE RESIDUOS GENERADOS EN LA ATENCION EN SALUD Y OTRAS ACTIVIDADES | Q1: Version 2.0
Q3: Fecha: 08/03/2022
Q5: CODIGO
A7: 1. Nombre del Generador | D7: GESTAR SALUD CIENAGA DE ORO-CONTRIBUTIVO | K7: 6. Correo Electronico | N7: SEDECIENAGA@GESTARSALUDIPS.COM
A8: 2. Ciudad | D8: CIENAGA DE ORO | K8: 7. Responsable del diligenciamiento | N8: YULIS DURANGO
A9: 3. Departamento | D9: CORDOBA | K9: 8. Cargo | N9: SERVICIOS GENERALES
A10: 4. Direccion | D10: CALLE 7 14-16 BARRIO CENTRO | K10: 9. Mes: | N10: AGOSTO
A11: 5. Telefono
A16: CONSOLIDACION RESIDUOS POR ESTABLECIMIENTO GENERADOR DE RESIDUOS
B18: 10 | C18: 11 | D18: 12 | E18: 13 | F18: 14 | G18: 15 | H18: 16 | I18: 17 | J18: 18 | K18: 19 | L18: 20 | M18: 21 | N18: 22 | O18: 23 | P18: 24 | Q18: 0 | R18: 26
A19: DÍA | B19: RESIDUOS NO PELIGROS | E19: Subtotal Residuos no peligrosos | F19: RESIDUOS PELIGROSOS | Q19: Subtotal Residuos Peligrosos | R19: TOTAL
F20: INFECCIOSO O RIESGO BIOLOGICO | J20: Subtotal residuos de riesgo biologico o infeccioso | K20: OTROS RESIDUOS CON LAS SIGUIENTES CARACTERISTICAS | P20: Subtotal otros residuos
B21: BIODEGRADABLES (KG/DÍA) | C21: RECICLABLES (KG/DÍA) | D21: ORDINARIOS (KG/DÍA) | F21: BIOSANITARIOS (KG/DÍA) | G21: ANATOMOPATOLOGICOS (KG/DÍA) | H21: CORTOPUNZANTES (KG/DÍA) | I21: ANIMALES (KG/DÍA) | K21: CORROSIVA (KG/DÍA) | L21: EXPLOSIVO (KG/DÍA) | M21: TOXICO (KG/DÍA) | N21: INFLAMABLE (KG/DÍA) | O21: REACTIVO (KG/DÍA)
A22: 1 | E22: =+SUM(B22:D22) -> 0 | J22: =+SUM(F22:I22) -> 0 | P22: =+SUM(K22:O22) -> 0 | Q22: =+J22+P22 -> 0 | R22: =+E22+Q22 -> 0
A23: 2 | E23: =+SUM(B23:D23) -> 0 | J23: =+SUM(F23:I23) -> 0 | P23: =+SUM(K23:O23) -> 0 | Q23: =+J23+P23 -> 0 | R23: =+E23+Q23 -> 0
A24: 3 | E24: =+SUM(B24:D24) -> 0 | J24: =+SUM(F24:I24) -> 0 | P24: =+SUM(K24:O24) -> 0 | Q24: =+J24+P24 -> 0 | R24: =+E24+Q24 -> 0
A25: 4 | E25: =+SUM(B25:D25) -> 0 | J25: =+SUM(F25:I25) -> 0 | P25: =+SUM(K25:O25) -> 0 | Q25: =+J25+P25 -> 0 | R25: =+E25+Q25 -> 0
A26: 5 | E26: =+SUM(B26:D26) -> 0 | J26: =+SUM(F26:I26) -> 0 | P26: =+SUM(K26:O26) -> 0 | Q26: =+J26+P26 -> 0 | R26: =+E26+Q26 -> 0
A27: 6 | D27: 9.3 | E27: =+SUM(B27:D27) -> 9.3 | J27: =+SUM(F27:I27) -> 0 | P27: =+SUM(K27:O27) -> 0 | Q27: =+J27+P27 -> 0 | R27: =+E27+Q27 -> 9.3
A28: 7 | E28: =+SUM(B28:D28) -> 0 | J28: =+SUM(F28:I28) -> 0 | P28: =+SUM(K28:O28) -> 0 | Q28: =+J28+P28 -> 0 | R28: =+E28+Q28 -> 0
A29: 8 | E29: =+SUM(B29:D29) -> 0 | J29: =+SUM(F29:I29) -> 0 | P29: =+SUM(K29:O29) -> 0 | Q29: =+J29+P29 -> 0 | R29: =+E29+Q29 -> 0
A30: 9 | E30: =+SUM(B30:D30) -> 0 | J30: =+SUM(F30:I30) -> 0 | P30: =+SUM(K30:O30) -> 0 | Q30: =+J30+P30 -> 0 | R30: =+E30+Q30 -> 0
A31: 10 | E31: =+SUM(B31:D31) -> 0 | J31: =+SUM(F31:I31) -> 0 | P31: =+SUM(K31:O31) -> 0 | Q31: =+J31+P31 -> 0 | R31: =+E31+Q31 -> 0
A32: 11 | E32: =+SUM(B32:D32) -> 0 | J32: =+SUM(F32:I32) -> 0 | P32: =+SUM(K32:O32) -> 0 | Q32: =+J32+P32 -> 0 | R32: =+E32+Q32 -> 0
A33: 12 | E33: =+SUM(B33:D33) -> 0 | J33: =+SUM(F33:I33) -> 0 | P33: =+SUM(K33:O33) -> 0 | Q33: =+J33+P33 -> 0 | R33: =+E33+Q33 -> 0
A34: 13 | E34: =+SUM(B34:D34) -> 0 | J34: =+SUM(F34:I34) -> 0 | P34: =+SUM(K34:O34) -> 0 | Q34: =+J34+P34 -> 0 | R34: =+E34+Q34 -> 0
A35: 14 | E35: =+SUM(B35:D35) -> 0 | J35: =+SUM(F35:I35) -> 0 | P35: =+SUM(K35:O35) -> 0 | Q35: =+J35+P35 -> 0 | R35: =+E35+Q35 -> 0
A36: 15 | E36: =+SUM(B36:D36) -> 0 | J36: =+SUM(F36:I36) -> 0 | P36: =+SUM(K36:O36) -> 0 | Q36: =+J36+P36 -> 0 | R36: =+E36+Q36 -> 0
A37: 16 | E37: =+SUM(B37:D37) -> 0 | J37: =+SUM(F37:I37) -> 0 | P37: =+SUM(K37:O37) -> 0 | Q37: =+J37+P37 -> 0 | R37: =+E37+Q37 -> 0
A38: 17 | E38: =+SUM(B38:D38) -> 0 | J38: =+SUM(F38:I38) -> 0 | P38: =+SUM(K38:O38) -> 0 | Q38: =+J38+P38 -> 0 | R38: =+E38+Q38 -> 0
A39: 18 | E39: =+SUM(B39:D39) -> 0 | J39: =+SUM(F39:I39) -> 0 | P39: =+SUM(K39:O39) -> 0 | Q39: =+J39+P39 -> 0 | R39: =+E39+Q39 -> 0
A40: 19 | E40: =+SUM(B40:D40) -> 0 | J40: =+SUM(F40:I40) -> 0 | P40: =+SUM(K40:O40) -> 0 | Q40: =+J40+P40 -> 0 | R40: =+E40+Q40 -> 0
A41: 20 | D41: 7.2 | E41: =+SUM(B41:D41) -> 7.2 | H41: 1 | J41: =+SUM(F41:I41) -> 1 | P41: =+SUM(K41:O41) -> 0 | Q41: =+J41+P41 -> 1 | R41: =+E41+Q41 -> 8.2
A42: 21 | E42: =+SUM(B42:D42) -> 0 | J42: =+SUM(F42:I42) -> 0 | P42: =+SUM(K42:O42) -> 0 | Q42: =+J42+P42 -> 0 | R42: =+E42+Q42 -> 0
A43: 22 | E43: =+SUM(B43:D43) -> 0 | J43: =+SUM(F43:I43) -> 0 | P43: =+SUM(K43:O43) -> 0 | Q43: =+J43+P43 -> 0 | R43: =+E43+Q43 -> 0
A44: 23 | E44: =+SUM(B44:D44) -> 0 | J44: =+SUM(F44:I44) -> 0 | P44: =+SUM(K44:O44) -> 0 | Q44: =+J44+P44 -> 0 | R44: =+E44+Q44 -> 0
A45: 24 | E45: =+SUM(B45:D45) -> 0 | J45: =+SUM(F45:I45) -> 0 | P45: =+SUM(K45:O45) -> 0 | Q45: =+J45+P45 -> 0 | R45: =+E45+Q45 -> 0
A46: 25 | E46: =+SUM(B46:D46) -> 0 | J46: =+SUM(F46:I46) -> 0 | P46: =+SUM(K46:O46) -> 0 | Q46: =+J46+P46 -> 0 | R46: =+E46+Q46 -> 0
A47: 26 | E47: =+SUM(B47:D47) -> 0 | J47: =+SUM(F47:I47) -> 0 | P47: =+SUM(K47:O47) -> 0 | Q47: =+J47+P47 -> 0 | R47: =+E47+Q47 -> 0
A48: 27 | E48: =+SUM(B48:D48) -> 0 | J48: =+SUM(F48:I48) -> 0 | P48: =+SUM(K48:O48) -> 0 | Q48: =+J48+P48 -> 0 | R48: =+E48+Q48 -> 0
A49: 28 | E49: =+SUM(B49:D49) -> 0 | J49: =+SUM(F49:I49) -> 0 | P49: =+SUM(K49:O49) -> 0 | Q49: =+J49+P49 -> 0 | R49: =+E49+Q49 -> 0
A50: 29 | E50: =+SUM(B50:D50) -> 0 | J50: =+SUM(F50:I50) -> 0 | P50: =+SUM(K50:O50) -> 0 | Q50: =+J50+P50 -> 0 | R50: =+E50+Q50 -> 0
A51: 30 | E51: =+SUM(B51:D51) -> 0 | J51: =+SUM(F51:I51) -> 0 | P51: =+SUM(K51:O51) -> 0 | Q51: =+J51+P51 -> 0 | R51: =+E51+Q51 -> 0
E52: =+SUM(B52:D52) -> 0 | J52: =+SUM(F52:I52) -> 0 | P52: =+SUM(K52:O52) -> 0 | Q52: =+J52+P52 -> 0 | R52: =+E52+Q52 -> 0
A53: TOTAL (KG/MES) | B53: =+SUM(B22:B52) -> 0 | C53: =+SUM(C22:C52) -> 0 | D53: =+SUM(D22:D52) -> 16.5 | E53: =+SUM(E22:E52) -> 16.5 | F53: =+SUM(F22:F52) -> 0 | G53: =+SUM(G22:G52) -> 0 | H53: =+SUM(H22:H52) -> 1 | I53: =+SUM(I22:I52) -> 0 | J53: =(SUM(J22:J52)) -> 1 | K53: =+SUM(K22:K52) -> 0 | L53: =+SUM(L22:L52) -> 0 | M53: =+SUM(M22:M52) -> 0 | N53: =+SUM(N22:N52) -> 0 | O53: =+SUM(O22:O52) -> 0 | P53: =+SUM(P22:P52) -> 0 | Q53: =+SUM(Q22:Q52) -> 1 | R53: =+SUM(R22:R52) -> 17.5 | S53: =+E53+Q53 -> 17.5
A56: INDICADORES DE DESTINACION
B59: 27 | C59: 28 | D59: 29 | E59: 30 | F59: 31 | G59: 32 | J59: 33
A60: MES | B60: DESTINACIÓN DE RESIDUOS | G60: TOTAL | I60: MES | K60: INDICADORES DE DESTINACIÓN % | O60: INDICADOR TOTAL (%)
B61: DESACTIVACION (KG/MES) | C61: RECICLAJE (KG/MES) | D61: INCINERACIÓN (KG/MES) | E61: RELLENO SANITARIO (KG/MES) | F61: OTROS SISTEMAS DE DISPOSICION FINAL | J61: IDD | K61: IDR | L61: IDI | M61: IDRS | N61: IDOS
A62: Enero | B62: =+Enero!B62 -> 0 | C62: =+Enero!C62 -> 0 | D62: =+Enero!D62 -> 0 | E62: =+Enero!E62 -> 0 | F62: =+Enero!F62 -> 13.7 | G62: =SUM(B62:F62) -> 13.7 | I62: Enero | J62: =+Enero!J62 -> 0 | K62: =+Enero!K62 -> 0 | L62: =+Enero!L62 -> 0 | M62: =+Enero!M62 -> 0 | N62: =+Enero!N62 -> 100 | O62: =SUM(J62:N62)/100 -> 1
A63: Febrero | B63: =+Febrero!B63 -> 0 | C63: =+Febrero!C63 -> 0 | D63: =+Febrero!D63 -> 0 | E63: =+Febrero!E63 -> 0 | F63: =+Febrero!F63 -> 20.85 | G63: =+SUM(B63:F63) -> 20.85 | I63: Febrero | J63: =+Febrero!J63 -> 0 | K63: =+Febrero!K63 -> 0 | L63: =+Febrero!L63 -> 0 | M63: =+Febrero!M63 -> 0 | N63: =+Febrero!N63 -> 100 | O63: =SUM(J63:N63)/100 -> 1
A64: Marzo | B64: =+Marzo!B64 -> 0 | C64: =+Marzo!C64 -> 0 | D64: =+Marzo!D64 -> 0 | E64: =+Marzo!E64 -> 0 | F64: =+Marzo!F64 -> 21.9 | G64: =+SUM(B64:F64) -> 21.9 | I64: Marzo | J64: =+Marzo!J64 -> 0 | K64: =+Marzo!K64 -> 0 | L64: =+Marzo!L64 -> 0 | M64: =+Marzo!M64 -> 0 | N64: =+Marzo!N64 -> 100 | O64: =SUM(J64:N64)/100 -> 1
A65: Abril | B65: =+Abril!B65 -> 0 | C65: =+Abril!C65 -> 0 | D65: =+Abril!D65 -> 0 | E65: =+Abril!E65 -> 0 | F65: =+Abril!F65 -> 34.9 | G65: =+SUM(B65:F65) -> 34.9 | I65: Abril | J65: =+Abril!J65 -> 0 | K65: =+Abril!K65 -> 0 | L65: =+Abril!L65 -> 0 | M65: =+Abril!M65 -> 0 | N65: =+Abril!N65 -> 100 | O65: =SUM(J65:N65)/100 -> 1
A66: Mayo | B66: =+Mayo!B66 -> 0 | C66: =+Mayo!C66 -> 0 | D66: =+Mayo!D66 -> 0 | E66: =+Mayo!E66 -> 0 | F66: =+Mayo!F66 -> 17.5 | G66: =+SUM(B66:F66) -> 17.5 | I66: Mayo | J66: =+Mayo!J66 -> 0 | K66: =+Mayo!K66 -> 0 | L66: =+Mayo!L66 -> 0 | M66: =+Mayo!M66 -> 0 | N66: =+Mayo!N66 -> 100 | O66: =SUM(J66:N66)/100 -> 1
A67: Junio | B67: =+Junio!B67 -> 0 | C67: =+Junio!C67 -> 0 | D67: =+Junio!D67 -> 0 | E67: =+Junio!E67 -> 0 | F67: =+Junio!F67 -> 20.8 | G67: =+SUM(B67:F67) -> 20.8 | I67: Junio | J67: =+Junio!J67 -> 0 | K67: =+Junio!K67 -> 0 | L67: =+Junio!L67 -> 0 | M67: =+Junio!M67 -> 0 | N67: =+Junio!N67 -> 100 | O67: =SUM(J67:N67)/100 -> 1
A68: Julio | B68: =+Julio!B68 -> 0 | C68: =+Julio!C68 -> 0 | D68: =+Julio!D68 -> 0 | E68: =+Julio!E68 -> 0 | F68: =+Julio!F68 -> 19.5 | G68: =+SUM(B68:F68) -> 19.5 | I68: Julio | J68: =+Julio!J68 -> 0 | K68: =+Julio!K68 -> 0 | L68: =+Julio!L68 -> 0 | M68: =+Julio!M68 -> 0 | N68: =+Julio!N68 -> 100 | O68: =SUM(J68:N68)/100 -> 1
A69: Agosto | C69: 0 | D69: 0 | E69: 0 | F69: 17.5 | G69: =+SUM(B69:F69) -> 17.5 | I69: Agosto | J69: =(B69/$R$53)*100 -> 0 | K69: =(C69/$R$53)*100 -> 0 | L69: =(D69/$R$53)*100 -> 0 | M69: =(E69/$R$53)*100 -> 0 | N69: =(F69/$R$53)*100 -> 100 | O69: =SUM(J69:N69)/100 -> 1
I71: IDD: Indicador de destinacion desactivacion de alta eficiencia
I72: IDR: Indicador de destinacion para reciclaje
I73: IDI: Indicador de destinacion para incineracion
I74: IDRS: Indicador de destinacion para relleno sanitario

Sheet Septiembre
D1: FORMATO REGISTRO ANUAL DE GENERACION DE RESIDUOS GENERADOS EN LA ATENCION EN SALUD Y OTRAS ACTIVIDADES | Q1: Version 2.0
Q3: Fecha: 08/03/2022
Q5: CODIGO
A7: 1. Nombre del Generador | D7: GESTAR SALUD CIENAGA DE ORO-CONTRIBUTIVO | K7: 6. Correo Electronico | N7: SEDECIENAGA@GESTARSALUDIPS.COM
A8: 2. Ciudad | D8: CIENAGA DE ORO | K8: 7. Responsable del diligenciamiento | N8: YULIS DURANGO
A9: 3. Departamento | D9: CORDOBA | K9: 8. Cargo | N9: SERVICIOS GENERALES
A10: 4. Direccion | D10: CALLE 7 14-16 BARRIO CENTRO | K10: 9. Mes: | N10: SEPTIEMBRE
A11: 5. Telefono
A16: CONSOLIDACION RESIDUOS POR ESTABLECIMIENTO GENERADOR DE RESIDUOS
B18: 10 | C18: 11 | D18: 12 | E18: 13 | F18: 14 | G18: 15 | H18: 16 | I18: 17 | J18: 18 | K18: 19 | L18: 20 | M18: 21 | N18: 22 | O18: 23 | P18: 24 | Q18: 0 | R18: 26
A19: DÍA | B19: RESIDUOS NO PELIGROS | E19: Subtotal Residuos no peligrosos | F19: RESIDUOS PELIGROSOS | Q19: Subtotal Residuos Peligrosos | R19: TOTAL
F20: INFECCIOSO O RIESGO BIOLOGICO | J20: Subtotal residuos de riesgo biologico o infeccioso | K20: OTROS RESIDUOS CON LAS SIGUIENTES CARACTERISTICAS | P20: Subtotal otros residuos
B21: BIODEGRADABLES (KG/DÍA) | C21: RECICLABLES (KG/DÍA) | D21: ORDINARIOS (KG/DÍA) | F21: BIOSANITARIOS (KG/DÍA) | G21: ANATOMOPATOLOGICOS (KG/DÍA) | H21: CORTOPUNZANTES (KG/DÍA) | I21: ANIMALES (KG/DÍA) | K21: CORROSIVA (KG/DÍA) | L21: EXPLOSIVO (KG/DÍA) | M21: TOXICO (KG/DÍA) | N21: INFLAMABLE (KG/DÍA) | O21: REACTIVO (KG/DÍA)
A22: 1 | E22: =+SUM(B22:D22) -> 0 | J22: =+SUM(F22:I22) -> 0 | P22: =+SUM(K22:O22) -> 0 | Q22: =+J22+P22 -> 0 | R22: =+E22+Q22 -> 0
A23: 2 | E23: =+SUM(B23:D23) -> 0 | J23: =+SUM(F23:I23) -> 0 | P23: =+SUM(K23:O23) -> 0 | Q23: =+J23+P23 -> 0 | R23: =+E23+Q23 -> 0
A24: 3 | D24: 11 | E24: =+SUM(B24:D24) -> 11 | J24: =+SUM(F24:I24) -> 0 | P24: =+SUM(K24:O24) -> 0 | Q24: =+J24+P24 -> 0 | R24: =+E24+Q24 -> 11
A25: 4 | E25: =+SUM(B25:D25) -> 0 | J25: =+SUM(F25:I25) -> 0 | P25: =+SUM(K25:O25) -> 0 | Q25: =+J25+P25 -> 0 | R25: =+E25+Q25 -> 0
A26: 5 | E26: =+SUM(B26:D26) -> 0 | J26: =+SUM(F26:I26) -> 0 | P26: =+SUM(K26:O26) -> 0 | Q26: =+J26+P26 -> 0 | R26: =+E26+Q26 -> 0
A27: 6 | E27: =+SUM(B27:D27) -> 0 | J27: =+SUM(F27:I27) -> 0 | P27: =+SUM(K27:O27) -> 0 | Q27: =+J27+P27 -> 0 | R27: =+E27+Q27 -> 0
A28: 7 | E28: =+SUM(B28:D28) -> 0 | J28: =+SUM(F28:I28) -> 0 | P28: =+SUM(K28:O28) -> 0 | Q28: =+J28+P28 -> 0 | R28: =+E28+Q28 -> 0
A29: 8 | E29: =+SUM(B29:D29) -> 0 | J29: =+SUM(F29:I29) -> 0 | P29: =+SUM(K29:O29) -> 0 | Q29: =+J29+P29 -> 0 | R29: =+E29+Q29 -> 0
A30: 9 | E30: =+SUM(B30:D30) -> 0 | J30: =+SUM(F30:I30) -> 0 | P30: =+SUM(K30:O30) -> 0 | Q30: =+J30+P30 -> 0 | R30: =+E30+Q30 -> 0
A31: 10 | E31: =+SUM(B31:D31) -> 0 | J31: =+SUM(F31:I31) -> 0 | P31: =+SUM(K31:O31) -> 0 | Q31: =+J31+P31 -> 0 | R31: =+E31+Q31 -> 0
A32: 11 | E32: =+SUM(B32:D32) -> 0 | J32: =+SUM(F32:I32) -> 0 | P32: =+SUM(K32:O32) -> 0 | Q32: =+J32+P32 -> 0 | R32: =+E32+Q32 -> 0
A33: 12 | E33: =+SUM(B33:D33) -> 0 | J33: =+SUM(F33:I33) -> 0 | P33: =+SUM(K33:O33) -> 0 | Q33: =+J33+P33 -> 0 | R33: =+E33+Q33 -> 0
A34: 13 | E34: =+SUM(B34:D34) -> 0 | J34: =+SUM(F34:I34) -> 0 | P34: =+SUM(K34:O34) -> 0 | Q34: =+J34+P34 -> 0 | R34: =+E34+Q34 -> 0
A35: 14 | E35: =+SUM(B35:D35) -> 0 | J35: =+SUM(F35:I35) -> 0 | P35: =+SUM(K35:O35) -> 0 | Q35: =+J35+P35 -> 0 | R35: =+E35+Q35 -> 0
A36: 15 | E36: =+SUM(B36:D36) -> 0 | J36: =+SUM(F36:I36) -> 0 | P36: =+SUM(K36:O36) -> 0 | Q36: =+J36+P36 -> 0 | R36: =+E36+Q36 -> 0
A37: 16 | E37: =+SUM(B37:D37) -> 0 | J37: =+SUM(F37:I37) -> 0 | P37: =+SUM(K37:O37) -> 0 | Q37: =+J37+P37 -> 0 | R37: =+E37+Q37 -> 0
A38: 17 | D38: 12 | E38: =+SUM(B38:D38) -> 12 | H38: 1 | J38: =+SUM(F38:I38) -> 1 | P38: =+SUM(K38:O38) -> 0 | Q38: =+J38+P38 -> 1 | R38: =+E38+Q38 -> 13
A39: 18 | E39: =+SUM(B39:D39) -> 0 | J39: =+SUM(F39:I39) -> 0 | P39: =+SUM(K39:O39) -> 0 | Q39: =+J39+P39 -> 0 | R39: =+E39+Q39 -> 0
A40: 19 | E40: =+SUM(B40:D40) -> 0 | J40: =+SUM(F40:I40) -> 0 | P40: =+SUM(K40:O40) -> 0 | Q40: =+J40+P40 -> 0 | R40: =+E40+Q40 -> 0
A41: 20 | E41: =+SUM(B41:D41) -> 0 | J41: =+SUM(F41:I41) -> 0 | P41: =+SUM(K41:O41) -> 0 | Q41: =+J41+P41 -> 0 | R41: =+E41+Q41 -> 0
A42: 21 | E42: =+SUM(B42:D42) -> 0 | J42: =+SUM(F42:I42) -> 0 | P42: =+SUM(K42:O42) -> 0 | Q42: =+J42+P42 -> 0 | R42: =+E42+Q42 -> 0
A43: 22 | E43: =+SUM(B43:D43) -> 0 | J43: =+SUM(F43:I43) -> 0 | P43: =+SUM(K43:O43) -> 0 | Q43: =+J43+P43 -> 0 | R43: =+E43+Q43 -> 0
A44: 23 | E44: =+SUM(B44:D44) -> 0 | J44: =+SUM(F44:I44) -> 0 | P44: =+SUM(K44:O44) -> 0 | Q44: =+J44+P44 -> 0 | R44: =+E44+Q44 -> 0
A45: 24 | E45: =+SUM(B45:D45) -> 0 | J45: =+SUM(F45:I45) -> 0 | P45: =+SUM(K45:O45) -> 0 | Q45: =+J45+P45 -> 0 | R45: =+E45+Q45 -> 0
A46: 25 | E46: =+SUM(B46:D46) -> 0 | J46: =+SUM(F46:I46) -> 0 | P46: =+SUM(K46:O46) -> 0 | Q46: =+J46+P46 -> 0 | R46: =+E46+Q46 -> 0
A47: 26 | E47: =+SUM(B47:D47) -> 0 | J47: =+SUM(F47:I47) -> 0 | P47: =+SUM(K47:O47) -> 0 | Q47: =+J47+P47 -> 0 | R47: =+E47+Q47 -> 0
A48: 27 | E48: =+SUM(B48:D48) -> 0 | J48: =+SUM(F48:I48) -> 0 | P48: =+SUM(K48:O48) -> 0 | Q48: =+J48+P48 -> 0 | R48: =+E48+Q48 -> 0
A49: 28 | E49: =+SUM(B49:D49) -> 0 | J49: =+SUM(F49:I49) -> 0 | P49: =+SUM(K49:O49) -> 0 | Q49: =+J49+P49 -> 0 | R49: =+E49+Q49 -> 0
A50: 29 | E50: =+SUM(B50:D50) -> 0 | J50: =+SUM(F50:I50) -> 0 | P50: =+SUM(K50:O50) -> 0 | Q50: =+J50+P50 -> 0 | R50: =+E50+Q50 -> 0
A51: 30 | E51: =+SUM(B51:D51) -> 0 | J51: =+SUM(F51:I51) -> 0 | P51: =+SUM(K51:O51) -> 0 | Q51: =+J51+P51 -> 0 | R51: =+E51+Q51 -> 0
E52: =+SUM(B52:D52) -> 0 | J52: =+SUM(F52:I52) -> 0 | P52: =+SUM(K52:O52) -> 0 | Q52: =+J52+P52 -> 0 | R52: =+E52+Q52 -> 0
A53: TOTAL (KG/MES) | B53: =+SUM(B22:B52) -> 0 | C53: =+SUM(C22:C52) -> 0 | D53: =+SUM(D22:D52) -> 23 | E53: =+SUM(E22:E52) -> 23 | F53: =+SUM(F22:F52) -> 0 | G53: =+SUM(G22:G52) -> 0 | H53: =+SUM(H22:H52) -> 1 | I53: =+SUM(I22:I52) -> 0 | ... R53: =+SUM(R22:R52) -> 24 | S53: =+E53+Q53 -> 24
A56: INDICADORES DE DESTINACION
B59: 27 | C59: 28 | D59: 29 | E59: 30 | F59: 31 | G59: 32 | J59: 33
A60: MES | B60: DESTINACIÓN DE RESIDUOS | G60: TOTAL | I60: MES | K60: INDICADORES DE DESTINACIÓN % | O60: INDICADOR TOTAL (%)
B61: DESACTIVACION (KG/MES) | C61: RECICLAJE (KG/MES) | D61: INCINERACIÓN (KG/MES) | E61: RELLENO SANITARIO (KG/MES) | F61: OTROS SISTEMAS DE DISPOSICION FINAL | J61: IDD | K61: IDR | L61: IDI | M61: IDRS | N61: IDOS
A62: Enero | B62: =+Enero!B62 -> 0 | C62: =+Enero!C62 -> 0 | D62: =+Enero!D62 -> 0 | E62: =+Enero!E62 -> 0 | F62: =+Enero!F62 -> 13.7 | G62: =SUM(B62:F62) -> 13.7 | I62: Enero | J62: =+Enero!J62 -> 0 | K62: =+Enero!K62 -> 0 | L62: =+Enero!L62 -> 0 | M62: =+Enero!M62 -> 0 | N62: =+Enero!N62 -> 100 | O62: =SUM(J62:N62)/100 -> 1
A63: Febrero | B63: =+Febrero!B63 -> 0 | C63: =+Febrero!C63 -> 0 | D63: =+Febrero!D63 -> 0 | E63: =+Febrero!E63 -> 0 | F63: =+Febrero!F63 -> 20.85 | G63: =+SUM(B63:F63) -> 20.85 | I63: Febrero | J63: =+Febrero!J63 -> 0 | K63: =+Febrero!K63 -> 0 | L63: =+Febrero!L63 -> 0 | M63: =+Febrero!M63 -> 0 | N63: =+Febrero!N63 -> 100 | O63: =SUM(J63:N63)/100 -> 1
A64: Marzo | B64: =+Marzo!B64 -> 0 | C64: =+Marzo!C64 -> 0 | D64: =+Marzo!D64 -> 0 | E64: =+Marzo!E64 -> 0 | F64: =+Marzo!F64 -> 21.9 | G64: =+SUM(B64:F64) -> 21.9 | I64: Marzo | J64: =+Marzo!J64 -> 0 | K64: =+Marzo!K64 -> 0 | L64: =+Marzo!L64 -> 0 | M64: =+Marzo!M64 -> 0 | N64: =+Marzo!N64 -> 100 | O64: =SUM(J64:N64)/100 -> 1
A65: Abril | B65: =+Abril!B65 -> 0 | C65: =+Abril!C65 -> 0 | D65: =+Abril!D65 -> 0 | E65: =+Abril!E65 -> 0 | F65: =+Abril!F65 -> 34.9 | G65: =+SUM(B65:F65) -> 34.9 | I65: Abril | J65: =+Abril!J65 -> 0 | K65: =+Abril!K65 -> 0 | L65: =+Abril!L65 -> 0 | M65: =+Abril!M65 -> 0 | N65: =+Abril!N65 -> 100 | O65: =SUM(J65:N65)/100 -> 1
A66: Mayo | B66: =+Mayo!B66 -> 0 | C66: =+Mayo!C66 -> 0 | D66: =+Mayo!D66 -> 0 | E66: =+Mayo!E66 -> 0 | F66: =+Mayo!F66 -> 17.5 | G66: =+SUM(B66:F66) -> 17.5 | I66: Mayo | J66: =+Mayo!J66 -> 0 | K66: =+Mayo!K66 -> 0 | L66: =+Mayo!L66 -> 0 | M66: =+Mayo!M66 -> 0 | N66: =+Mayo!N66 -> 100 | O66: =SUM(J66:N66)/100 -> 1
A67: Junio | B67: =+Junio!B67 -> 0 | C67: =+Junio!C67 -> 0 | D67: =+Junio!D67 -> 0 | E67: =+Junio!E67 -> 0 | F67: =+Junio!F67 -> 20.8 | G67: =+SUM(B67:F67) -> 20.8 | I67: Junio | J67: =+Junio!J67 -> 0 | K67: =+Junio!K67 -> 0 | L67: =+Junio!L67 -> 0 | M67: =+Junio!M67 -> 0 | N67: =+Junio!N67 -> 100 | O67: =SUM(J67:N67)/100 -> 1
A68: Julio | B68: =+Julio!B68 -> 0 | C68: =+Julio!C68 -> 0 | D68: =+Julio!D68 -> 0 | E68: =+Julio!E68 -> 0 | F68: =+Julio!F68 -> 19.5 | G68: =+SUM(B68:F68) -> 19.5 | I68: Julio | J68: =+Julio!J68 -> 0 | K68: =+Julio!K68 -> 0 | L68: =+Julio!L68 -> 0 | M68: =+Julio!M68 -> 0 | N68: =+Julio!N68 -> 100 | O68: =SUM(J68:N68)/100 -> 1
A69: Agosto | B69: =+Agosto!B69 -> 0 | C69: =+Agosto!C69 -> 0 | D69: =+Agosto!D69 -> 0 | E69: =+Agosto!E69 -> 0 | F69: =+Agosto!F69 -> 17.5 | G69: =+SUM(B69:F69) -> 17.5 | I69: Agosto | J69: =+Agosto!J69 -> 0 | K69: =+Agosto!K69 -> 0 | L69: =+Agosto!L69 -> 0 | M69: =+Agosto!M69 -> 0 | N69: =+Agosto!N69 -> 100 | O69: =SUM(J69:N69)/100 -> 1
A70: Septiembre | C70: 0 | D70: 0 | E70: 0 | F70: 24 | G70: =+SUM(B70:F70) -> 24 | I70: Septiembre | J70: =(B70/$R$53)*100 -> 0 | K70: =(C70/$R$53)*100 -> 0 | L70: =(D70/$R$53)*100 -> 0 | M70: =(E70/$R$53)*100 -> 0 | N70: =(F70/$R$53)*100 -> 100 | O70: =SUM(J70:N70)/100 -> 1
I72: IDD: Indicador de destinacion desactivacion de alta eficiencia
I73: IDR: Indicador de destinacion para reciclaje
I74: IDI: Indicador de destinacion para incineracion
I75: IDRS: Indicador de destinacion para relleno sanitario

Sheet Octubre
D1: FORMATO REGISTRO ANUAL DE GENERACION DE RESIDUOS GENERADOS EN LA ATENCION EN SALUD Y OTRAS ACTIVIDADES | Q1: Version 2.0
Q3: Fecha: 08/03/2022
Q5: CODIGO
A7: 1. Nombre del Generador | D7: GESTAR SALUD CIENAGA DE ORO CONTRIBUTIVO | K7: 6. Correo Electronico | N7: SEDECIENAGA@GESTARSALUDIPS.COM
A8: 2. Ciudad | D8: CIENAGA DE ORO | K8: 7. Responsable del diligenciamiento | N8: YULIS DURANGO
A9: 3. Departamento | D9: CORDOBA | K9: 8. Cargo | N9: SERVICIOS GENERALES
A10: 4. Direccion | D10: CALLE 7 14-16 BARRIO CENTRO | K10: 9. Mes: | N10: OCTUBRE
A11: 5. Telefono
A16: CONSOLIDACION RESIDUOS POR ESTABLECIMIENTO GENERADOR DE RESIDUOS
B18: 10 | C18: 11 | D18: 12 | E18: 13 | F18: 14 | G18: 15 | H18: 16 | I18: 17 | J18: 18 | K18: 19 | L18: 20 | M18: 21 | N18: 22 | O18: 23 | P18: 24 | Q18: 0 | R18: 26
A19: DÍA | B19: RESIDUOS NO PELIGROS | E19: Subtotal Residuos no peligrosos | F19: RESIDUOS PELIGROSOS | Q19: Subtotal Residuos Peligrosos | R19: TOTAL
F20: INFECCIOSO O RIESGO BIOLOGICO | J20: Subtotal residuos de riesgo biologico o infeccioso | K20: OTROS RESIDUOS CON LAS SIGUIENTES CARACTERISTICAS | P20: Subtotal otros residuos
B21: BIODEGRADABLES (KG/DÍA) | C21: RECICLABLES (KG/DÍA) | D21: ORDINARIOS (KG/DÍA) | F21: BIOSANITARIOS (KG/DÍA) | G21: ANATOMOPATOLOGICOS (KG/DÍA) | H21: CORTOPUNZANTES (KG/DÍA) | I21: ANIMALES (KG/DÍA) | K21: CORROSIVA (KG/DÍA) | L21: EXPLOSIVO (KG/DÍA) | M21: TOXICO (KG/DÍA) | N21: INFLAMABLE (KG/DÍA) | O21: REACTIVO (KG/DÍA)
A22: 1 | E22: =+SUM(B22:D22) -> 0 | J22: =+SUM(F22:I22) -> 0 | P22: =+SUM(K22:O22) -> 0 | Q22: =+J22+P22 -> 0 | R22: =+E22+Q22 -> 0
A23: 2 | E23: =+SUM(B23:D23) -> 0 | J23: =+SUM(F23:I23) -> 0 | P23: =+SUM(K23:O23) -> 0 | Q23: =+J23+P23 -> 0 | R23: =+E23+Q23 -> 0
A24: 3 | E24: =+SUM(B24:D24) -> 0 | J24: =+SUM(F24:I24) -> 0 | P24: =+SUM(K24:O24) -> 0 | Q24: =+J24+P24 -> 0 | R24: =+E24+Q24 -> 0
A25: 4 | E25: =+SUM(B25:D25) -> 0 | J25: =+SUM(F25:I25) -> 0 | P25: =+SUM(K25:O25) -> 0 | Q25: =+J25+P25 -> 0 | R25: =+E25+Q25 -> 0
A26: 5 | E26: =+SUM(B26:D26) -> 0 | J26: =+SUM(F26:I26) -> 0 | P26: =+SUM(K26:O26) -> 0 | Q26: =+J26+P26 -> 0 | R26: =+E26+Q26 -> 0
A27: 6 | E27: =+SUM(B27:D27) -> 0 | J27: =+SUM(F27:I27) -> 0 | P27: =+SUM(K27:O27) -> 0 | Q27: =+J27+P27 -> 0 | R27: =+E27+Q27 -> 0
A28: 7 | E28: =+SUM(B28:D28) -> 0 | J28: =+SUM(F28:I28) -> 0 | P28: =+SUM(K28:O28) -> 0 | Q28: =+J28+P28 -> 0 | R28: =+E28+Q28 -> 0
A29: 8 | E29: =+SUM(B29:D29) -> 0 | J29: =+SUM(F29:I29) -> 0 | P29: =+SUM(K29:O29) -> 0 | Q29: =+J29+P29 -> 0 | R29: =+E29+Q29 -> 0
A30: 9 | E30: =+SUM(B30:D30) -> 0 | J30: =+SUM(F30:I30) -> 0 | P30: =+SUM(K30:O30) -> 0 | Q30: =+J30+P30 -> 0 | R30: =+E30+Q30 -> 0
A31: 10 | E31: =+SUM(B31:D31) -> 0 | J31: =+SUM(F31:I31) -> 0 | P31: =+SUM(K31:O31) -> 0 | Q31: =+J31+P31 -> 0 | R31: =+E31+Q31 -> 0
A32: 11 | E32: =+SUM(B32:D32) -> 0 | J32: =+SUM(F32:I32) -> 0 | P32: =+SUM(K32:O32) -> 0 | Q32: =+J32+P32 -> 0 | R32: =+E32+Q32 -> 0
A33: 12 | E33: =+SUM(B33:D33) -> 0 | J33: =+SUM(F33:I33) -> 0 | P33: =+SUM(K33:O33) -> 0 | Q33: =+J33+P33 -> 0 | R33: =+E33+Q33 -> 0
... A37: 16 | E37: =+SUM(B37:D37) -> 0 | J37: =+SUM(F37:I37) -> 0 | P37: =+SUM(K37:O37) -> 0 | Q37: =+J37+P37 -> 0 | R37: =+E37+Q37 -> 0
A38: 17 | D38: 18 | E38: =+SUM(B38:D38) -> 18 | H38: 0.5 | J38: =+SUM(F38:I38) -> 0.5 | P38: =+SUM(K38:O38) -> 0 | Q38: =+J38+P38 -> 0.5 | R38: =+E38+Q38 -> 18.5
A39: 18 | E39: =+SUM(B39:D39) -> 0 | J39: =+SUM(F39:I39) -> 0 | P39: =+SUM(K39:O39) -> 0 | Q39: =+J39+P39 -> 0 | R39: =+E39+Q39 -> 0
A40: 19 | E40: =+SUM(B40:D40) -> 0 | J40: =+SUM(F40:I40) -> 0 | P40: =+SUM(K40:O40) -> 0 | Q40: =+J40+P40 -> 0 | R40: =+E40+Q40 -> 0
A41: 20 | E41: =+SUM(B41:D41) -> 0 | J41: =+SUM(F41:I41) -> 0 | P41: =+SUM(K41:O41) -> 0 | Q41: =+J41+P41 -> 0 | R41: =+E41+Q41 -> 0
A42: 21 | E42: =+SUM(B42:D42) -> 0 | J42: =+SUM(F42:I42) -> 0 | P42: =+SUM(K42:O42) -> 0 | Q42: =+J42+P42 -> 0 | R42: =+E42+Q42 -> 0
A43: 22 | E43: =+SUM(B43:D43) -> 0 | J43: =+SUM(F43:I43) -> 0 | P43: =+SUM(K43:O43) -> 0 | Q43: =+J43+P43 -> 0 | R43: =+E43+Q43 -> 0
A44: 23 | E44: =+SUM(B44:D44) -> 0 | J44: =+SUM(F44:I44) -> 0 | P44: =+SUM(K44:O44) -> 0 | Q44: =+J44+P44 -> 0 | R44: =+E44+Q44 -> 0
A45: 24 | E45: =+SUM(B45:D45) -> 0 | J45: =+SUM(F45:I45) -> 0 | P45: =+SUM(K45:O45) -> 0 | Q45: =+J45+P45 -> 0 | R45: =+E45+Q45 -> 0
A46: 25 | E46: =+SUM(B46:D46) -> 0 | J46: =+SUM(F46:I46) -> 0 | P46: =+SUM(K46:O46) -> 0 | Q46: =+J46+P46 -> 0 | R46: =+E46+Q46 -> 0
A47: 26 | D47: 6 | E47: =+SUM(B47:D47) -> 6 | J47: =+SUM(F47:I47) -> 0 | P47: =+SUM(K47:O47) -> 0 | Q47: =+J47+P47 -> 0 | R47: =+E47+Q47 -> 6
A48: 27 | E48: =+SUM(B48:D48) -> 0 | J48: =+SUM(F48:I48) -> 0 | P48: =+SUM(K48:O48) -> 0 | Q48: =+J48+P48 -> 0 | R48: =+E48+Q48 -> 0
A49: 28 | E49: =+SUM(B49:D49) -> 0 | J49: =+SUM(F49:I49) -> 0 | P49: =+SUM(K49:O49) -> 0 | Q49: =+J49+P49 -> 0 | R49: =+E49+Q49 -> 0
A50: 29 | E50: =+SUM(B50:D50) -> 0 | J50: =+SUM(F50:I50) -> 0 | P50: =+SUM(K50:O50) -> 0 | Q50: =+J50+P50 -> 0 | R50: =+E50+Q50 -> 0
A51: 30 | E51: =+SUM(B51:D51) -> 0 | J51: =+SUM(F51:I51) -> 0 | P51: =+SUM(K51:O51) -> 0 | Q51: =+J51+P51 -> 0 | R51: =+E51+Q51 -> 0
A52: 31 | E52: =+SUM(B52:D52) -> 0 | J52: =+SUM(F52:I52) -> 0 | P52: =+SUM(K52:O52) -> 0 | Q52: =+J52+P52 -> 0 | R52: =+E52+Q52 -> 0
A53: TOTAL (KG/MES) | B53: =+SUM(B22:B52) -> 0 | C53: =+SUM(C22:C52) -> 0 | D53: =+SUM(D22:D52) -> 24 | E53: =+SUM(E22:E52) -> 24 | F53: =+SUM(F22:F52) -> 0 | G53: =+SUM(G22:G52) -> 0 | H53: =+SUM(H22:H52) -> 0.5 | I53: =+SUM(I22:I52) -> 0 | ... R53: =+SUM(R22:R52) -> 24.5 | S53: =+E53+Q53 -> 24.5
A56: INDICADORES DE DESTINACION
B59: 27 | C59: 28 | D59: 29 | E59: 30 | F59: 31 | G59: 32 | J59: 33
A60: MES | B60: DESTINACIÓN DE RESIDUOS | G60: TOTAL | I60: MES | K60: INDICADORES DE DESTINACIÓN % | O60: INDICADOR TOTAL (%)
B61: DESACTIVACION (KG/MES) | C61: RECICLAJE (KG/MES) | D61: INCINERACIÓN (KG/MES) | E61: RELLENO SANITARIO (KG/MES) | F61: OTROS SISTEMAS DE DISPOSICION FINAL | J61: IDD | K61: IDR | L61: IDI | M61: IDRS | N61: IDOS
A62: Enero | B62: =+Enero!B62 -> 0 | C62: =+Enero!C62 -> 0 | D62: =+Enero!D62 -> 0 | E62: =+Enero!E62 -> 0 | F62: =+Enero!F62 -> 13.7 | G62: =SUM(B62:F62) -> 13.7 | I62: Enero | J62: =+Enero!J62 -> 0 | K62: =+Enero!K62 -> 0 | L62: =+Enero!L62 -> 0 | M62: =+Enero!M62 -> 0 | N62: =+Enero!N62 -> 100 | O62: =SUM(J62:N62)/100 -> 1
A63: Febrero | B63: =+Febrero!B63 -> 0 | C63: =+Febrero!C63 -> 0 | D63: =+Febrero!D63 -> 0 | E63: =+Febrero!E63 -> 0 | F63: =+Febrero!F63 -> 20.85 | G63: =+SUM(B63:F63) -> 20.85 | I63: Febrero | J63: =+Febrero!J63 -> 0 | K63: =+Febrero!K63 -> 0 | L63: =+Febrero!L63 -> 0 | M63: =+Febrero!M63 -> 0 | N63: =+Febrero!N63 -> 100 | O63: =SUM(J63:N63)/100 -> 1
A64: Marzo | B64: =+Marzo!B64 -> 0 | C64: =+Marzo!C64 -> 0 | D64: =+Marzo!D64 -> 0 | E64: =+Marzo!E64 -> 0 | F64: =+Marzo!F64 -> 21.9 | G64: =+SUM(B64:F64) -> 21.9 | I64: Marzo | J64: =+Marzo!J64 -> 0 | K64: =+Marzo!K64 -> 0 | L64: =+Marzo!L64 -> 0 | M64: =+Marzo!M64 -> 0 | N64: =+Marzo!N64 -> 100 | O64: =SUM(J64:N64)/100 -> 1
A65: Abril | B65: =+Abril!B65 -> 0 | C65: =+Abril!C65 -> 0 | D65: =+Abril!D65 -> 0 | E65: =+Abril!E65 -> 0 | F65: =+Abril!F65 -> 34.9 | G65: =+SUM(B65:F65) -> 34.9 | I65: Abril | J65: =+Abril!J65 -> 0 | K65: =+Abril!K65 -> 0 | L65: =+Abril!L65 -> 0 | M65: =+Abril!M65 -> 0 | N65: =+Abril!N65 -> 100 | O65: =SUM(J65:N65)/100 -> 1
A66: Mayo | B66: =+Mayo!B66 -> 0 | C66: =+Mayo!C66 -> 0 | D66: =+Mayo!D66 -> 0 | E66: =+Mayo!E66 -> 0 | F66: =+Mayo!F66 -> 17.5 | G66: =+SUM(B66:F66) -> 17.5 | I66: Mayo | J66: =+Mayo!J66 -> 0 | K66: =+Mayo!K66 -> 0 | L66: =+Mayo!L66 -> 0 | M66: =+Mayo!M66 -> 0 | N66: =+Mayo!N66 -> 100 | O66: =SUM(J66:N66)/100 -> 1
A67: Junio | B67: =+Junio!B67 -> 0 | C67: =+Junio!C67 -> 0 | D67: =+Junio!D67 -> 0 | E67: =+Junio!E67 -> 0 | F67: =+Junio!F67 -> 20.8 | G67: =+SUM(B67:F67) -> 20.8 | I67: Junio | J67: =+Junio!J67 -> 0 | K67: =+Junio!K67 -> 0 | L67: =+Junio!L67 -> 0 | M67: =+Junio!M67 -> 0 | N67: =+Junio!N67 -> 100 | O67: =SUM(J67:N67)/100 -> 1
A68: Julio | B68: =+Julio!B68 -> 0 | C68: =+Julio!C68 -> 0 | D68: =+Julio!D68 -> 0 | E68: =+Julio!E68 -> 0 | F68: =+Julio!F68 -> 19.5 | G68: =+SUM(B68:F68) -> 19.5 | I68: Julio | J68: =+Julio!J68 -> 0 | K68: =+Julio!K68 -> 0 | L68: =+Julio!L68 -> 0 | M68: =+Julio!M68 -> 0 | N68: =+Julio!N68 -> 100 | O68: =SUM(J68:N68)/100 -> 1
A69: Agosto | B69: =+Agosto!B69 -> 0 | C69: =+Agosto!C69 -> 0 | D69: =+Agosto!D69 -> 0 | E69: =+Agosto!E69 -> 0 | F69: =+Agosto!F69 -> 17.5 | G69: =+SUM(B69:F69) -> 17.5 | I69: Agosto | J69: =+Agosto!J69 -> 0 | K69: =+Agosto!K69 -> 0 | L69: =+Agosto!L69 -> 0 | M69: =+Agosto!M69 -> 0 | N69: =+Agosto!N69 -> 100 | O69: =SUM(J69:N69)/100 -> 1
A70: Septiembre | B70: =+Septiembre!B70 -> 0 | C70: =+Septiembre!C70 -> 0 | D70: =+Septiembre!D70 -> 0 | E70: =+Septiembre!E70 -> 0 | F70: =+Septiembre!F70 -> 24 | G70: =+SUM(B70:F70) -> 24 | I70: Septiembre | J70: =+Septiembre!J70 -> 0 | K70: =+Septiembre!K70 -> 0 | L70: =+Septiembre!L70 -> 0 | M70: =+Septiembre!M70 -> 0 | N70: =+Septiembre!N70 -> 100 | O70: =SUM(J70:N70)/100 -> 1
A71: Octubre | C71: 0 | D71: 0 | E71: 0 | F71: 24.5 | G71: =+SUM(B71:F71) -> 24.5 | I71: Octubre | J71: =(B71/$R$53)*100 -> 0 | K71: =(C71/$R$53)*100 -> 0 | L71: =(D71/$R$53)*100 -> 0 | M71: =(E71/$R$53)*100 -> 0 | N71: =(F71/$R$53)*100 -> 100 | O71: =SUM(J71:N71)/100 -> 1
I73: IDD: Indicador de destinacion desactivacion de alta eficiencia
I74: IDR: Indicador de destinacion para reciclaje
I75: IDI: Indicador de destinacion para incineracion
I76: IDRS: Indicador de destinacion para relleno sanitario

Sheet Noviembre
D1: FORMATO REGISTRO ANUAL DE GENERACION DE RESIDUOS GENERADOS EN LA ATENCION EN SALUD Y OTRAS ACTIVIDADES | Q1: Version 2.0
Q3: Fecha: 08/03/2022
Q5: CODIGO
A7: 1. Nombre del Generador | D7: GESTAR SALUD CIENAGA DE ORO CONTRIBUTIVO | K7: 6. Correo Electronico | N7: SEDECIENAGA@GESTARSALUDIPS.COM
A8: 2. Ciudad | D8: CIENAGA DE ORO | K8: 7. Responsable del diligenciamiento | N8: YULIS DURANGO
A9: 3. Departamento | D9: CORDOBA | K9: 8. Cargo | N9: SERVICIOS GENERALES
A10: 4. Direccion | D10: CALLE 7 14-16 BARRIO CENTRO | K10: 9. Mes: | N10: NOVIEMBRE
A11: 5. Telefono
A16: CONSOLIDACION RESIDUOS POR ESTABLECIMIENTO GENERADOR DE RESIDUOS
B18: 10 | C18: 11 | D18: 12 | E18: 13 | F18: 14 | G18: 15 | H18: 16 | I18: 17 | J18: 18 | K18: 19 | L18: 20 | M18: 21 | N18: 22 | O18: 23 | P18: 24 | Q18: 0 | R18: 26
A19: DÍA | B19: RESIDUOS NO PELIGROS | E19: Subtotal Residuos no peligrosos | F19: RESIDUOS PELIGROSOS | Q19: Subtotal Residuos Peligrosos | R19: TOTAL
F20: INFECCIOSO O RIESGO BIOLOGICO | J20: Subtotal residuos de riesgo biologico o infeccioso | K20: OTROS RESIDUOS CON LAS SIGUIENTES CARACTERISTICAS | P20: Subtotal otros residuos
B21: BIODEGRADABLES (KG/DÍA) | C21: RECICLABLES (KG/DÍA) | D21: ORDINARIOS (KG/DÍA) | F21: BIOSANITARIOS (KG/DÍA) | G21: ANATOMOPATOLOGICOS (KG/DÍA) | H21: CORTOPUNZANTES (KG/DÍA) | I21: ANIMALES (KG/DÍA) | K21: CORROSIVA (KG/DÍA) | L21: EXPLOSIVO (KG/DÍA) | M21: TOXICO (KG/DÍA) | N21: INFLAMABLE (KG/DÍA) | O21: REACTIVO (KG/DÍA)
A22: 1 | E22: =+SUM(B22:D22) -> 0 | J22: =+SUM(F22:I22) -> 0 | P22: =+SUM(K22:O22) -> 0 | Q22: =+J22+P22 -> 0 | R22: =+E22+Q22 -> 0
A23: 2 | E23: =+SUM(B23:D23) -> 0 | J23: =+SUM(F23:I23) -> 0 | P23: =+SUM(K23:O23) -> 0 | Q23: =+J23+P23 -> 0 | R23: =+E23+Q23 -> 0
A24: 3 | E24: =+SUM(B24:D24) -> 0 | J24: =+SUM(F24:I24) -> 0 | P24: =+SUM(K24:O24) -> 0 | Q24: =+J24+P24 -> 0 | R24: =+E24+Q24 -> 0
A25: 4 | E25: =+SUM(B25:D25) -> 0 | J25: =+SUM(F25:I25) -> 0 | P25: =+SUM(K25:O25) -> 0 | Q25: =+J25+P25 -> 0 | R25: =+E25+Q25 -> 0
A26: 5 | E26: =+SUM(B26:D26) -> 0 | J26: =+SUM(F26:I26) -> 0 | P26: =+SUM(K26:O26) -> 0 | Q26: =+J26+P26 -> 0 | R26: =+E26+Q26 -> 0
A27: 6 | E27: =+SUM(B27:D27) -> 0 | J27: =+SUM(F27:I27) -> 0 | P27: =+SUM(K27:O27) -> 0 | Q27: =+J27+P27 -> 0 | R27: =+E27+Q27 -> 0
A28: 7 | E28: =+SUM(B28:D28) -> 0 | J28: =+SUM(F28:I28) -> 0 | P28: =+SUM(K28:O28) -> 0 | Q28: =+J28+P28 -> 0 | R28: =+E28+Q28 -> 0
A29: 8 | E29: =+SUM(B29:D29) -> 0 | J29: =+SUM(F29:I29) -> 0 | P29: =+SUM(K29:O29) -> 0 | Q29: =+J29+P29 -> 0 | R29: =+E29+Q29 -> 0
A30: 9 | E30: =+SUM(B30:D30) -> 0 | J30: =+SUM(F30:I30) -> 0 | P30: =+SUM(K30:O30) -> 0 | Q30: =+J30+P30 -> 0 | R30: =+E30+Q30 -> 0
A31: 10 | D31: 8.7 | E31: =+SUM(B31:D31) -> 8.7 | J31: =+SUM(F31:I31) -> 0 | P31: =+SUM(K31:O31) -> 0 | Q31: =+J31+P31 -> 0 | R31: =+E31+Q31 -> 8.7
A32: 11 | E32: =+SUM(B32:D32) -> 0 | J32: =+SUM(F32:I32) -> 0 | P32: =+SUM(K32:O32) -> 0 | Q32: =+J32+P32 -> 0 | R32: =+E32+Q32 -> 0
A33: 12 | E33: =+SUM(B33:D33) -> 0 | J33: =+SUM(F33:I33) -> 0 | P33: =+SUM(K33:O33) -> 0 | Q33: =+J33+P33 -> 0 | R33: =+E33+Q33 -> 0
A34: 13 | E34: =+SUM(B34:D34) -> 0 | J34: =+SUM(F34:I34) -> 0 | P34: =+SUM(K34:O34) -> 0 | Q34: =+J34+P34 -> 0 | R34: =+E34+Q34 -> 0
A35: 14 | E35: =+SUM(B35:D35) -> 0 | J35: =+SUM(F35:I35) -> 0 | P35: =+SUM(K35:O35) -> 0 | Q35: =+J35+P35 -> 0 | R35: =+E35+Q35 -> 0
A36: 15 | E36: =+SUM(B36:D36) -> 0 | J36: =+SUM(F36:I36) -> 0 | P36: =+SUM(K36:O36) -> 0 | Q36: =+J36+P36 -> 0 | R36: =+E36+Q36 -> 0
A37: 16 | E37: =+SUM(B37:D37) -> 0 | J37: =+SUM(F37:I37) -> 0 | P37: =+SUM(K37:O37) -> 0 | Q37: =+J37+P37 -> 0 | R37: =+E37+Q37 -> 0
A38: 17 | E38: =+SUM(B38:D38) -> 0 | J38: =+SUM(F38:I38) -> 0 | P38: =+SUM(K38:O38) -> 0 | Q38: =+J38+P38 -> 0 | R38: =+E38+Q38 -> 0
A39: 18 | E39: =+SUM(B39:D39) -> 0 | J39: =+SUM(F39:I39) -> 0 | P39: =+SUM(K39:O39) -> 0 | Q39: =+J39+P39 -> 0 | R39: =+E39+Q39 -> 0
A40: 19 | E40: =+SUM(B40:D40) -> 0 | J40: =+SUM(F40:I40) -> 0 | P40: =+SUM(K40:O40) -> 0 | Q40: =+J40+P40 -> 0 | R40: =+E40+Q40 -> 0
A41: 20 | E41: =+SUM(B41:D41) -> 0 | J41: =+SUM(F41:I41) -> 0 | P41: =+SUM(K41:O41) -> 0 | Q41: =+J41+P41 -> 0 | R41: =+E41+Q41 -> 0
A42: 21 | E42: =+SUM(B42:D42) -> 0 | J42: =+SUM(F42:I42) -> 0 | P42: =+SUM(K42:O42) -> 0 | Q42: =+J42+P42 -> 0 | R42: =+E42+Q42 -> 0
A43: 22 | E43: =+SUM(B43:D43) -> 0 | J43: =+SUM(F43:I43) -> 0 | P43: =+SUM(K43:O43) -> 0 | Q43: =+J43+P43 -> 0 | R43: =+E43+Q43 -> 0
A44: 23 | E44: =+SUM(B44:D44) -> 0 | J44: =+SUM(F44:I44) -> 0 | P44: =+SUM(K44:O44) -> 0 | Q44: =+J44+P44 -> 0 | R44: =+E44+Q44 -> 0
A45: 24 | D45: 18 | E45: =+SUM(B45:D45) -> 18 | H45: 1.7 | J45: =+SUM(F45:I45) -> 1.7 | P45: =+SUM(K45:O45) -> 0 | Q45: =+J45+P45 -> 1.7 | R45: =+E45+Q45 -> 19.7
A46: 25 | E46: =+SUM(B46:D46) -> 0 | J46: =+SUM(F46:I46) -> 0 | P46: =+SUM(K46:O46) -> 0 | Q46: =+J46+P46 -> 0 | R46: =+E46+Q46 -> 0
A47: 26 | E47: =+SUM(B47:D47) -> 0 | J47: =+SUM(F47:I47) -> 0 | P47: =+SUM(K47:O47) -> 0 | Q47: =+J47+P47 -> 0 | R47: =+E47+Q47 -> 0
A48: 27 | E48: =+SUM(B48:D48) -> 0 | J48: =+SUM(F48:I48) -> 0 | P48: =+SUM(K48:O48) -> 0 | Q48: =+J48+P48 -> 0 | R48: =+E48+Q48 -> 0
A49: 28 | E49: =+SUM(B49:D49) -> 0 | J49: =+SUM(F49:I49) -> 0 | P49: =+SUM(K49:O49) -> 0 | Q49: =+J49+P49 -> 0 | R49: =+E49+Q49 -> 0
A50: 29 | E50: =+SUM(B50:D50) -> 0 | J50: =+SUM(F50:I50) -> 0 | P50: =+SUM(K50:O50) -> 0 | Q50: =+J50+P50 -> 0 | R50: =+E50+Q50 -> 0
A51: 30 | E51: =+SUM(B51:D51) -> 0 | J51: =+SUM(F51:I51) -> 0 | P51: =+SUM(K51:O51) -> 0 | Q51: =+J51+P51 -> 0 | R51: =+E51+Q51 -> 0
E52: =+SUM(B52:D52) -> 0 | J52: =+SUM(F52:I52) -> 0 | P52: =+SUM(K52:O52) -> 0 | Q52: =+J52+P52 -> 0 | R52: =+E52+Q52 -> 0
A53: TOTAL (KG/MES) | B53: =+SUM(B22:B52) -> 0 | C53: =+SUM(C22:C52) -> 0 | D53: =+SUM(D22:D52) -> 26.7 | E53: =+SUM(E22:E52) -> 26.7 | F53: =+SUM(F22:F52) -> 0 | G53: =+SUM(G22:G52) -> 0 | H53: =+SUM(H22:H52) -> 1.7 | I53: =+SUM(I22:I52) -> 0 | ... R53: =+SUM(R22:R52) -> 28.4 | S53: =+E53+Q53 -> 28.4
A56: INDICADORES DE DESTINACION
B59: 27 | C59: 28 | D59: 29 | E59: 30 | F59: 31 | G59: 32 | J59: 33
A60: MES | B60: DESTINACIÓN DE RESIDUOS | G60: TOTAL | I60: MES | K60: INDICADORES DE DESTINACIÓN % | O60: INDICADOR TOTAL (%)
B61: DESACTIVACION (KG/MES) | C61: RECICLAJE (KG/MES) | D61: INCINERACIÓN (KG/MES) | E61: RELLENO SANITARIO (KG/MES) | F61: OTROS SISTEMAS DE DISPOSICION FINAL | J61: IDD | K61: IDR | L61: IDI | M61: IDRS | N61: IDOS
A62: Enero | B62: =+Enero!B62 -> 0 | C62: =+Enero!C62 -> 0 | D62: =+Enero!D62 -> 0 | E62: =+Enero!E62 -> 0 | F62: =+Enero!F62 -> 13.7 | G62: =SUM(B62:F62) -> 13.7 | I62: Enero | J62: =+Enero!J62 -> 0 | K62: =+Enero!K62 -> 0 | L62: =+Enero!L62 -> 0 | M62: =+Enero!M62 -> 0 | N62: =+Enero!N62 -> 100 | O62: =SUM(J62:N62)/100 -> 1
A63: Febrero | B63: =+Febrero!B63 -> 0 | C63: =+Febrero!C63 -> 0 | D63: =+Febrero!D63 -> 0 | E63: =+Febrero!E63 -> 0 | F63: =+Febrero!F63 -> 20.85 | G63: =+SUM(B63:F63) -> 20.85 | I63: Febrero | J63: =+Febrero!J63 -> 0 | K63: =+Febrero!K63 -> 0 | L63: =+Febrero!L63 -> 0 | M63: =+Febrero!M63 -> 0 | N63: =+Febrero!N63 -> 100 | O63: =SUM(J63:N63)/100 -> 1
A64: Marzo | B64: =+Marzo!B64 -> 0 | C64: =+Marzo!C64 -> 0 | D64: =+Marzo!D64 -> 0 | E64: =+Marzo!E64 -> 0 | F64: =+Marzo!F64 -> 21.9 | G64: =+SUM(B64:F64) -> 21.9 | I64: Marzo | J64: =+Marzo!J64 -> 0 | K64: =+Marzo!K64 -> 0 | L64: =+Marzo!L64 -> 0 | M64: =+Marzo!M64 -> 0 | N64: =+Marzo!N64 -> 100 | O64: =SUM(J64:N64)/100 -> 1
A65: Abril | B65: =+Abril!B65 -> 0 | C65: =+Abril!C65 -> 0 | D65: =+Abril!D65 -> 0 | E65: =+Abril!E65 -> 0 | F65: =+Abril!F65 -> 34.9 | G65: =+SUM(B65:F65) -> 34.9 | I65: Abril | J65: =+Abril!J65 -> 0 | K65: =+Abril!K65 -> 0 | L65: =+Abril!L65 -> 0 | M65: =+Abril!M65 -> 0 | N65: =+Abril!N65 -> 100 | O65: =SUM(J65:N65)/100 -> 1
A66: Mayo | B66: =+Mayo!B66 -> 0 | C66: =+Mayo!C66 -> 0 | D66: =+Mayo!D66 -> 0 | E66: =+Mayo!E66 -> 0 | F66: =+Mayo!F66 -> 17.5 | G66: =+SUM(B66:F66) -> 17.5 | I66: Mayo | J66: =+Mayo!J66 -> 0 | K66: =+Mayo!K66 -> 0 | L66: =+Mayo!L66 -> 0 | M66: =+Mayo!M66 -> 0 | N66: =+Mayo!N66 -> 100 | O66: =SUM(J66:N66)/100 -> 1
A67: Junio | B67: =+Junio!B67 -> 0 | C67: =+Junio!C67 -> 0 | D67: =+Junio!D67 -> 0 | E67: =+Junio!E67 -> 0 | F67: =+Junio!F67 -> 20.8 | G67: =+SUM(B67:F67) -> 20.8 | I67: Junio | J67: =+Junio!J67 -> 0 | K67: =+Junio!K67 -> 0 | L67: =+Junio!L67 -> 0 | M67: =+Junio!M67 -> 0 | N67: =+Junio!N67 -> 100 | O67: =SUM(J67:N67)/100 -> 1
A68: Julio | B68: =+Julio!B68 -> 0 | C68: =+Julio!C68 -> 0 | D68: =+Julio!D68 -> 0 | E68: =+Julio!E68 -> 0 | F68: =+Julio!F68 -> 19.5 | G68: =+SUM(B68:F68) -> 19.5 | I68: Julio | J68: =+Julio!J68 -> 0 | K68: =+Julio!K68 -> 0 | L68: =+Julio!L68 -> 0 | M68: =+Julio!M68 -> 0 | N68: =+Julio!N68 -> 100 | O68: =SUM(J68:N68)/100 -> 1
A69: Agosto | B69: =+Agosto!B69 -> 0 | C69: =+Agosto!C69 -> 0 | D69: =+Agosto!D69 -> 0 | E69: =+Agosto!E69 -> 0 | F69: =+Agosto!F69 -> 17.5 | G69: =+SUM(B69:F69) -> 17.5 | I69: Agosto | J69: =+Agosto!J69 -> 0 | K69: =+Agosto!K69 -> 0 | L69: =+Agosto!L69 -> 0 | M69: =+Agosto!M69 -> 0 | N69: =+Agosto!N69 -> 100 | O69: =SUM(J69:N69)/100 -> 1
A70: Septiembre | B70: =+Septiembre!B70 -> 0 | C70: =+Septiembre!C70 -> 0 | D70: =+Septiembre!D70 -> 0 | E70: =+Septiembre!E70 -> 0 | F70: =+Septiembre!F70 -> 24 | G70: =+SUM(B70:F70) -> 24 | I70: Septiembre | J70: =+Septiembre!J70 -> 0 | K70: =+Septiembre!K70 -> 0 | L70: =+Septiembre!L70 -> 0 | M70: =+Septiembre!M70 -> 0 | N70: =+Septiembre!N70 -> 100 | O70: =SUM(J70:N70)/100 -> 1
A71: Octubre | B71: =+Octubre!B71 -> 0 | C71: =+Octubre!C71 -> 0 | D71: =+Octubre!D71 -> 0 | E71: =+Octubre!E71 -> 0 | F71: =+Octubre!F71 -> 24.5 | G71: =+SUM(B71:F71) -> 24.5 | I71: Octubre | J71: =+Octubre!J71 -> 0 | K71: =+Octubre!K71 -> 0 | L71: =+Octubre!L71 -> 0 | M71: =+Octubre!M71 -> 0 | N71: =+Octubre!N71 -> 100 | O71: =SUM(J71:N71)/100 -> 1
A72: Noviembre | B72: 0 | C72: 0 | D72: 0 | E72: 0 | F72: 28.4 | G72: =+SUM(B72:F72) -> 28.4 | I72: Noviembre | J72: =(B72/$R$53)*100 -> 0 | K72: =(C72/$R$53)*100 -> 0 | L72: =(D72/$R$53)*100 -> 0 | M72: =(E72/$R$53)*100 -> 0 | N72: =(F72/$R$53)*100 -> 100 | O72: =SUM(J72:N72)/100 -> 1
I74: IDD: Indicador de destinacion desactivacion de alta eficiencia
I75: IDR: Indicador de destinacion para reciclaje
I76: IDI: Indicador de destinacion para incineracion
I77: IDRS: Indicador de destinacion para relleno sanitario

Sheet Diciembre
D1: FORMATO REGISTRO ANUAL DE GENERACION DE RESIDUOS GENERADOS EN LA ATENCION EN SALUD Y OTRAS ACTIVIDADES | Q1: Version 2.0
Q3: Fecha: 08/03/2022
Q5: CODIGO
A7: 1. Nombre del Generador | D7: GESTAR SALUD CIENAGA DE ORO CONTRIBUTIVO | K7: 6. Correo Electronico | N7: SEDECIENAGA@GESTARSALUDIPS.COM
A8: 2. Ciudad | D8: CIENAGA DE ORO | K8: 7. Responsable del diligenciamiento | N8: YULIS DURANGO
A9: 3. Departamento | D9: CORDOBA | K9: 8. Cargo | N9: SERVICIOS GENERALES
A10: 4. Direccion | D10: CALLE 7 14-16 BARRIO CENTRO | K10: 9. Mes: | N10: DICIEMBRE
A11: 5. Telefono
A16: CONSOLIDACION RESIDUOS POR ESTABLECIMIENTO GENERADOR DE RESIDUOS
B18: 10 | C18: 11 | D18: 12 | E18: 13 | F18: 14 | G18: 15 | H18: 16 | I18: 17 | J18: 18 | K18: 19 | L18: 20 | M18: 21 | N18: 22 | O18: 23 | P18: 24 | Q18: 0 | R18: 26
A19: DÍA | B19: RESIDUOS NO PELIGROS | E19: Subtotal Residuos no peligrosos | F19: RESIDUOS PELIGROSOS | Q19: Subtotal Residuos Peligrosos | R19: TOTAL
F20: INFECCIOSO O RIESGO BIOLOGICO | J20: Subtotal residuos de riesgo biologico o infeccioso | K20: OTROS RESIDUOS CON LAS SIGUIENTES CARACTERISTICAS | P20: Subtotal otros residuos
B21: BIODEGRADABLES (KG/DÍA) | C21: RECICLABLES (KG/DÍA) | D21: ORDINARIOS (KG/DÍA) | F21: BIOSANITARIOS (KG/DÍA) | G21: ANATOMOPATOLOGICOS (KG/DÍA) | H21: CORTOPUNZANTES (KG/DÍA) | I21: ANIMALES (KG/DÍA) | K21: CORROSIVA (KG/DÍA) | L21: EXPLOSIVO (KG/DÍA) | M21: TOXICO (KG/DÍA) | N21: INFLAMABLE (KG/DÍA) | O21: REACTIVO (KG/DÍA)
A22: 1 | E22: =+SUM(B22:D22) -> 0 | J22: =+SUM(F22:I22) -> 0 | P22: =+SUM(K22:O22) -> 0 | Q22: =+J22+P22 -> 0 | R22: =+E22+Q22 -> 0
A23: 2 | E23: =+SUM(B23:D23) -> 0 | J23: =+SUM(F23:I23) -> 0 | P23: =+SUM(K23:O23) -> 0 | Q23: =+J23+P23 -> 0 | R23: =+E23+Q23 -> 0
A24: 3 | E24: =+SUM(B24:D24) -> 0 | J24: =+SUM(F24:I24) -> 0 | P24: =+SUM(K24:O24) -> 0 | Q24: =+J24+P24 -> 0 | R24: =+E24+Q24 -> 0
A25: 4 | E25: =+SUM(B25:D25) -> 0 | J25: =+SUM(F25:I25) -> 0 | P25: =+SUM(K25:O25) -> 0 | Q25: =+J25+P25 -> 0 | R25: =+E25+Q25 -> 0
A26: 5 | E26: =+SUM(B26:D26) -> 0 | J26: =+SUM(F26:I26) -> 0 | P26: =+SUM(K26:O26) -> 0 | Q26: =+J26+P26 -> 0 | R26: =+E26+Q26 -> 0
A27: 6 | E27: =+SUM(B27:D27) -> 0 | J27: =+SUM(F27:I27) -> 0 | P27: =+SUM(K27:O27) -> 0 | Q27: =+J27+P27 -> 0 | R27: =+E27+Q27 -> 0
A28: 7 | E28: =+SUM(B28:D28) -> 0 | J28: =+SUM(F28:I28) -> 0 | P28: =+SUM(K28:O28) -> 0 | Q28: =+J28+P28 -> 0 | R28: =+E28+Q28 -> 0
A29: 8 | E29: =+SUM(B29:D29) -> 0 | J29: =+SUM(F29:I29) -> 0 | P29: =+SUM(K29:O29) -> 0 | Q29: =+J29+P29 -> 0 | R29: =+E29+Q29 -> 0
A30: 9 | E30: =+SUM(B30:D30) -> 0 | J30: =+SUM(F30:I30) -> 0 | P30: =+SUM(K30:O30) -> 0 | Q30: =+J30+P30 -> 0 | R30: =+E30+Q30 -> 0
A31: 10 | E31: =+SUM(B31:D31) -> 0 | J31: =+SUM(F31:I31) -> 0 | P31: =+SUM(K31:O31) -> 0 | Q31: =+J31+P31 -> 0 | R31: =+E31+Q31 -> 0
A32: 11 | E32: =+SUM(B32:D32) -> 0 | J32: =+SUM(F32:I32) -> 0 | P32: =+SUM(K32:O32) -> 0 | Q32: =+J32+P32 -> 0 | R32: =+E32+Q32 -> 0
A33: 12 | E33: =+SUM(B33:D33) -> 0 | J33: =+SUM(F33:I33) -> 0 | P33: =+SUM(K33:O33) -> 0 | Q33: =+J33+P33 -> 0 | R33: =+E33+Q33 -> 0
... A42: 21 | E42: =+SUM(B42:D42) -> 0 | J42: =+SUM(F42:I42) -> 0 | P42: =+SUM(K42:O42) -> 0 | Q42: =+J42+P42 -> 0 | R42: =+E42+Q42 -> 0
A43: 22 | D43: 10 | E43: =+SUM(B43:D43) -> 10 | J43: =+SUM(F43:I43) -> 0 | P43: =+SUM(K43:O43) -> 0 | Q43: =+J43+P43 -> 0 | R43: =+E43+Q43 -> 10
A44: 23 | E44: =+SUM(B44:D44) -> 0 | J44: =+SUM(F44:I44) -> 0 | P44: =+SUM(K44:O44) -> 0 | Q44: =+J44+P44 -> 0 | R44: =+E44+Q44 -> 0
A45: 24 | E45: =+SUM(B45:D45) -> 0 | J45: =+SUM(F45:I45) -> 0 | P45: =+SUM(K45:O45) -> 0 | Q45: =+J45+P45 -> 0 | R45: =+E45+Q45 -> 0
A46: 25 | E46: =+SUM(B46:D46) -> 0 | J46: =+SUM(F46:I46) -> 0 | P46: =+SUM(K46:O46) -> 0 | Q46: =+J46+P46 -> 0 | R46: =+E46+Q46 -> 0
A47: 26 | E47: =+SUM(B47:D47) -> 0 | J47: =+SUM(F47:I47) -> 0 | P47: =+SUM(K47:O47) -> 0 | Q47: =+J47+P47 -> 0 | R47: =+E47+Q47 -> 0
A48: 27 | E48: =+SUM(B48:D48) -> 0 | J48: =+SUM(F48:I48) -> 0 | P48: =+SUM(K48:O48) -> 0 | Q48: =+J48+P48 -> 0 | R48: =+E48+Q48 -> 0
A49: 28 | E49: =+SUM(B49:D49) -> 0 | J49: =+SUM(F49:I49) -> 0 | P49: =+SUM(K49:O49) -> 0 | Q49: =+J49+P49 -> 0 | R49: =+E49+Q49 -> 0
A50: 29 | E50: =+SUM(B50:D50) -> 0 | J50: =+SUM(F50:I50) -> 0 | P50: =+SUM(K50:O50) -> 0 | Q50: =+J50+P50 -> 0 | R50: =+E50+Q50 -> 0
A51: 30 | E51: =+SUM(B51:D51) -> 0 | J51: =+SUM(F51:I51) -> 0 | P51: =+SUM(K51:O51) -> 0 | Q51: =+J51+P51 -> 0 | R51: =+E51+Q51 -> 0
A52: 31 | E52: =+SUM(B52:D52) -> 0 | J52: =+SUM(F52:I52) -> 0 | P52: =+SUM(K52:O52) -> 0 | Q52: =+J52+P52 -> 0 | R52: =+E52+Q52 -> 0
A53: TOTAL (KG/MES) | B53: =+SUM(B22:B52) -> 0 | C53: =+SUM(C22:C52) -> 0 | D53: =+SUM(D22:D52) -> 10 | E53: =+SUM(E22:E52) -> 10 | F53: =+SUM(F22:F52) -> 0 | G53: =+SUM(G22:G52) -> 0 | H53: =+SUM(H22:H52) -> 0 | I53: =+SUM(I22:I52) -> 0 | ... R53: =+SUM(R22:R52) -> 10 | S53: =+E53+Q53 -> 10
A56: INDICADORES DE DESTINACION
B59: 27 | C59: 28 | D59: 29 | E59: 30 | F59: 31 | G59: 32 | J59: 33
A60: MES | B60: DESTINACIÓN DE RESIDUOS | G60: TOTAL | I60: MES | K60: INDICADORES DE DESTINACIÓN % | O60: INDICADOR TOTAL (%)
B61: DESACTIVACION (KG/MES) | C61: RECICLAJE (KG/MES) | D61: INCINERACIÓN (KG/MES) | E61: RELLENO SANITARIO (KG/MES) | F61: OTROS SISTEMAS DE DISPOSICION FINAL | J61: IDD | K61: IDR | L61: IDI | M61: IDRS | N61: IDOS
A62: Enero | B62: =+Enero!B62 -> 0 | C62: =+Enero!C62 -> 0 | D62: =+Enero!D62 -> 0 | E62: =+Enero!E62 -> 0 | F62: =+Enero!F62 -> 13.7 | G62: =SUM(B62:F62) -> 13.7 | I62: Enero | J62: =+Enero!J62 -> 0 | K62: =+Enero!K62 -> 0 | L62: =+Enero!L62 -> 0 | M62: =+Enero!M62 -> 0 | N62: =+Enero!N62 -> 100 | O62: =SUM(J62:N62)/100 -> 1
A63: Febrero | B63: =+Febrero!B63 -> 0 | C63: =+Febrero!C63 -> 0 | D63: =+Febrero!D63 -> 0 | E63: =+Febrero!E63 -> 0 | F63: =+Febrero!F63 -> 20.85 | G63: =+SUM(B63:F63) -> 20.85 | I63: Febrero | J63: =+Febrero!J63 -> 0 | K63: =+Febrero!K63 -> 0 | L63: =+Febrero!L63 -> 0 | M63: =+Febrero!M63 -> 0 | N63: =+Febrero!N63 -> 100 | O63: =SUM(J63:N63)/100 -> 1
A64: Marzo | B64: =+Marzo!B64 -> 0 | C64: =+Marzo!C64 -> 0 | D64: =+Marzo!D64 -> 0 | E64: =+Marzo!E64 -> 0 | F64: =+Marzo!F64 -> 21.9 | G64: =+SUM(B64:F64) -> 21.9 | I64: Marzo | J64: =+Marzo!J64 -> 0 | K64: =+Marzo!K64 -> 0 | L64: =+Marzo!L64 -> 0 | M64: =+Marzo!M64 -> 0 | N64: =+Marzo!N64 -> 100 | O64: =SUM(J64:N64)/100 -> 1
A65: Abril | B65: =+Abril!B65 -> 0 | C65: =+Abril!C65 -> 0 | D65: =+Abril!D65 -> 0 | E65: =+Abril!E65 -> 0 | F65: =+Abril!F65 -> 34.9 | G65: =+SUM(B65:F65) -> 34.9 | I65: Abril | J65: =+Abril!J65 -> 0 | K65: =+Abril!K65 -> 0 | L65: =+Abril!L65 -> 0 | M65: =+Abril!M65 -> 0 | N65: =+Abril!N65 -> 100 | O65: =SUM(J65:N65)/100 -> 1
A66: Mayo | B66: =+Mayo!B66 -> 0 | C66: =+Mayo!C66 -> 0 | D66: =+Mayo!D66 -> 0 | E66: =+Mayo!E66 -> 0 | F66: =+Mayo!F66 -> 17.5 | G66: =+SUM(B66:F66) -> 17.5 | I66: Mayo | J66: =+Mayo!J66 -> 0 | K66: =+Mayo!K66 -> 0 | L66: =+Mayo!L66 -> 0 | M66: =+Mayo!M66 -> 0 | N66: =+Mayo!N66 -> 100 | O66: =SUM(J66:N66)/100 -> 1
A67: Junio | B67: =+Junio!B67 -> 0 | C67: =+Junio!C67 -> 0 | D67: =+Junio!D67 -> 0 | E67: =+Junio!E67 -> 0 | F67: =+Junio!F67 -> 20.8 | G67: =+SUM(B67:F67) -> 20.8 | I67: Junio | J67: =+Junio!J67 -> 0 | K67: =+Junio!K67 -> 0 | L67: =+Junio!L67 -> 0 | M67: =+Junio!M67 -> 0 | N67: =+Junio!N67 -> 100 | O67: =SUM(J67:N67)/100 -> 1
A68: Julio | B68: =+Julio!B68 -> 0 | C68: =+Julio!C68 -> 0 | D68: =+Julio!D68 -> 0 | E68: =+Julio!E68 -> 0 | F68: =+Julio!F68 -> 19.5 | G68: =+SUM(B68:F68) -> 19.5 | I68: Julio | J68: =+Julio!J68 -> 0 | K68: =+Julio!K68 -> 0 | L68: =+Julio!L68 -> 0 | M68: =+Julio!M68 -> 0 | N68: =+Julio!N68 -> 100 | O68: =SUM(J68:N68)/100 -> 1
A69: Agosto | B69: =+Agosto!B69 -> 0 | C69: =+Agosto!C69 -> 0 | D69: =+Agosto!D69 -> 0 | E69: =+Agosto!E69 -> 0 | F69: =+Agosto!F69 -> 17.5 | G69: =+SUM(B69:F69) -> 17.5 | I69: Agosto | J69: =+Agosto!J69 -> 0 | K69: =+Agosto!K69 -> 0 | L69: =+Agosto!L69 -> 0 | M69: =+Agosto!M69 -> 0 | N69: =+Agosto!N69 -> 100 | O69: =SUM(J69:N69)/100 -> 1
A70: Septiembre | B70: =+Septiembre!B70 -> 0 | C70: =+Septiembre!C70 -> 0 | D70: =+Septiembre!D70 -> 0 | E70: =+Septiembre!E70 -> 0 | F70: =+Septiembre!F70 -> 24 | G70: =+SUM(B70:F70) -> 24 | I70: Septiembre | J70: =+Septiembre!J70 -> 0 | K70: =+Septiembre!K70 -> 0 | L70: =+Septiembre!L70 -> 0 | M70: =+Septiembre!M70 -> 0 | N70: =+Septiembre!N70 -> 100 | O70: =SUM(J70:N70)/100 -> 1
A71: Octubre | B71: =+Octubre!B71 -> 0 | C71: =+Octubre!C71 -> 0 | D71: =+Octubre!D71 -> 0 | E71: =+Octubre!E71 -> 0 | F71: =+Octubre!F71 -> 24.5 | G71: =+SUM(B71:F71) -> 24.5 | I71: Octubre | J71: =+Octubre!J71 -> 0 | K71: =+Octubre!K71 -> 0 | L71: =+Octubre!L71 -> 0 | M71: =+Octubre!M71 -> 0 | N71: =+Octubre!N71 -> 100 | O71: =SUM(J71:N71)/100 -> 1
A72: Noviembre | B72: =+Noviembre!B72 -> 0 | C72: =+Noviembre!C72 -> 0 | D72: =+Noviembre!D72 -> 0 | E72: =+Noviembre!E72 -> 0 | F72: =+Noviembre!F72 -> 28.4 | G72: =+SUM(B72:F72) -> 28.4 | I72: Noviembre | J72: =+Noviembre!J72 -> 0 | K72: =+Noviembre!K72 -> 0 | L72: =+Noviembre!L72 -> 0 | M72: =+Noviembre!M72 -> 0 | N72: =+Noviembre!N72 -> 100 | O72: =SUM(J72:N72)/100 -> 1
A73: Diciembre | B73: 0 | C73: 0 | D73: 0 | E73: 0 | F73: 10 | G73: =+SUM(B73:F73) -> 10 | I73: Diciembre | J73: =(B73/$R$53)*100 -> 0 | K73: =(C73/$R$53)*100 -> 0 | L73: =(D73/$R$53)*100 -> 0 | M73: =(E73/$R$53)*100 -> 0 | N73: =(F73/$R$53)*100 -> 100 | O73: =(SUM(J73:N73)/100) -> 1
I75: IDD: Indicador de destinacion desactivacion de alta eficiencia
I76: IDR: Indicador de destinacion para reciclaje
I77: IDI: Indicador de destinacion para incineracion
I78: IDRS: Indicador de destinacion para relleno sanitario

Sheet Consolidado
D1: FORMATO REGISTRO ANUAL DE GENERACION DE RESIDUOS GENERADOS EN LA ATENCION EN SALUD Y OTRAS ACTIVIDADES | Q1: Version 2.0
Q3: Fecha: 08/03/2022
Q5: CODIGO
A7: 1. Nombre del Generador | K7: 6. Correo Electronico
A8: 2. Ciudad | K8: 7. Responsable del diligenciamiento
A9: 3. Departamento | K9: 8. Cargo
A10: 4. Direccion | K10: 9. Mes:
A11: 5. Telefono
A16: CONSOLIDACION RESIDUOS POR ESTABLECIMIENTO GENERADOR DE RESIDUOS
B18: 10 | C18: 11 | D18: 12 | E18: 13 | F18: 14 | G18: 15 | H18: 16 | I18: 17 | J18: 18 | K18: 19 | L18: 20 | M18: 21 | N18: 22 | O18: 23 | P18: 24 | Q18: 0 | R18: 26
A19: DÍA | B19: RESIDUOS NO PELIGROS | E19: Subtotal Residuos no peligrosos | F19: RESIDUOS PELIGROSOS | Q19: Subtotal Residuos Peligrosos | R19: TOTAL
F20: INFECCIOSO O RIESGO BIOLOGICO | J20: Subtotal residuos de riesgo biologico o infeccioso | K20: OTROS RESIDUOS CON LAS SIGUIENTES CARACTERISTICAS | P20: Subtotal otros residuos
B21: BIODEGRADABLES (KG/AÑO) | C21: RECICLABLES (KG/AÑO) | D21: ORDINARIOS (KG/AÑO) | F21: BIOSANITARIOS (KG/AÑO) | G21: ANATOMOPATOLOGICOS (KG/AÑO) | H21: CORTOPUNZANTES (KG/AÑO) | I21: ANIMALES (KG/AÑO) | K21: CORROSIVA (KG/AÑO) | L21: EXPLOSIVO (KG/AÑO) | M21: TOXICO (KG/AÑO) | N21: INFLAMABLE (KG/AÑO) | O21: REACTIVO (KG/AÑO)
A22: Enero | B22: =+Enero!$B$53 -> 0 | C22: =+Enero!$C$53 -> 0 | D22: =+Enero!$D$53 -> 13.2 | E22: =+SUM(B22:D22) -> 13.2 | F22: =+Enero!F53 -> 0.5 | G22: =+Enero!G53 -> 0 | H22: =+Enero!H53 -> 0 | I22: =+Enero!I53 -> 0 | J22: =+SUM(F22:I22) -> 0.5 | K22: =+Enero!$K$53 -> 0 | L22: =+Enero!$L$53 -> 0 | M22: =+Enero!$M$53 -> 0 | N22: =+Enero!$N$53 -> 0 | O22: =+Enero!$O$53 -> 0 | P22: =+SUM(K22:O22) -> 0 | Q22: =+J22+P22 -> 0.5 | R22: =+E22+Q22 -> 13.7
A23: Febrero | B23: =+Febrero!$B$53 -> 0 | C23: =+Febrero!$C$53 -> 0 | D23: =+Febrero!$D$53 -> 20 | E23: =+SUM(B23:D23) -> 20 | F23: =+Febrero!$F$53 -> 0.45 | G23: =+Febrero!$G$53 -> 0 | H23: =+Febrero!$H$53 -> 0.4 | I23: =+Febrero!$I$53 -> 0 | J23: =+SUM(F23:I23) -> 0.85 | K23: =+Febrero!$K$53 -> 0 | L23: =+Febrero!$L$53 -> 0 | M23: =+Febrero!$M$53 -> 0 | N23: =+Febrero!$N$53 -> 0 | O23: =+Febrero!$O$53 -> 0 | P23: =+SUM(K23:O23) -> 0 | Q23: =+J23+P23 -> 0.85 | R23: =+E23+Q23 -> 20.85
A24: Marzo | B24: =+Febrero!$B$53 -> 0 | C24: =+Marzo!$C$53 -> 0 | D24: =+Marzo!$D$53 -> 21.2 | E24: =+SUM(B24:D24) -> 21.2 | F24: =+Marzo!$F$53 -> 0 | G24: =+Marzo!$G$53 -> 0 | H24: =+Marzo!$H$53 -> 0.7 | I24: =+Marzo!$I$53 -> 0 | J24: =+SUM(F24:I24) -> 0.7 | K24: =+Marzo!$K$53 -> 0 | L24: =+Marzo!$L$53 -> 0 | M24: =+Marzo!$M$53 -> 0 | N24: =+Marzo!$N$53 -> 0 | O24: =+Marzo!$O$53 -> 0 | P24: =+SUM(K24:O24) -> 0 | Q24: =+J24+P24 -> 0.7 | R24: =+E24+Q24 -> 21.9
A25: Abril | B25: =+Abril!$B$53 -> 0 | C25: =+Abril!$C$53 -> 0 | D25: =+Abril!$D$53 -> 17.3 | E25: =+SUM(B25:D25) -> 17.3 | F25: =+Abril!$F$53 -> 0 | G25: =+Abril!$G$53 -> 0 | H25: =+Abril!$H$53 -> 0.6 | I25: =+Abril!$I$53 -> 17 | J25: =+SUM(F25:I25) -> 17.6 | K25: =+Abril!$K$53 -> 0 | L25: =+Abril!$L$53 -> 0 | M25: =+Abril!$M$53 -> 0 | N25: =+Abril!$N$53 -> 0 | O25: =+Abril!$O$53 -> 0 | P25: =+SUM(K25:O25) -> 0 | Q25: =+J25+P25 -> 17.6 | R25: =+E25+Q25 -> 34.9
A26: Mayo | B26: =+Mayo!$B$53 -> 0 | C26: =+Mayo!$C$53 -> 0 | D26: =+Mayo!$D$53 -> 16.5 | E26: =+SUM(B26:D26) -> 16.5 | F26: =+Mayo!$F$53 -> 0 | G26: =+Mayo!$G$53 -> 0 | H26: =+Mayo!$H$53 -> 1 | I26: =+Mayo!$I$53 -> 0 | J26: =+SUM(F26:I26) -> 1 | K26: =+Mayo!$K$53 -> 0 | L26: =+Mayo!$L$53 -> 0 | M26: =+Mayo!$M$53 -> 0 | N26: =+Mayo!$N$53 -> 0 | O26: =+Mayo!$O$53 -> 0 | P26: =+SUM(K26:O26) -> 0 | Q26: =+J26+P26 -> 1 | R26: =+E26+Q26 -> 17.5
A27: Junio | B27: =+Junio!$B$53 -> 0 | C27: =+Junio!$C$53 -> 0 | D27: =+Junio!$D$53 -> 20.3 | E27: =+SUM(B27:D27) -> 20.3 | F27: =+Junio!$F$53 -> 0 | G27: =+Junio!$G$53 -> 0 | H27: =+Junio!$H$53 -> 0.5 | I27: =+Junio!$I$53 -> 0 | J27: =+SUM(F27:I27) -> 0.5 | K27: =+Junio!$K$53 -> 0 | L27: =+Junio!$L$53 -> 0 | M27: =+Junio!$M$53 -> 0 | N27: =+Junio!$N$53 -> 0 | O27: =+Junio!$O$53 -> 0 | P27: =+SUM(K27:O27) -> 0 | Q27: =+J27+P27 -> 0.5 | R27: =+E27+Q27 -> 20.8
A28: Julio | B28: =+Julio!$B$53 -> 0 | C28: =+Julio!$C$53 -> 0 | D28: =+Julio!$D$53 -> 19 | E28: =+SUM(B28:D28) -> 19 | F28: =+Julio!$F$53 -> 0 | G28: =+Julio!$G$53 -> 0 | H28: =+Julio!$H$53 -> 0.5 | I28: =+Julio!$I$53 -> 0 | J28: =+SUM(F28:I28) -> 0.5 | K28: =+Julio!$K$53 -> 0 | L28: =+Julio!$L$53 -> 0 | M28: =+Julio!$M$53 -> 0 | N28: =+Julio!$N$53 -> 0 | O28: =+Julio!$O$53 -> 0 | P28: =+SUM(K28:O28) -> 0 | Q28: =+J28+P28 -> 0.5 | R28: =+E28+Q28 -> 19.5
A29: Agosto | B29: =+Agosto!$B$53 -> 0 | C29: =+Agosto!$C$53 -> 0 | D29: =+Agosto!$D$53 -> 16.5 | E29: =+SUM(B29:D29) -> 16.5 | F29: =+Agosto!$F$53 -> 0 | G29: =+Agosto!$G$53 -> 0 | H29: =+Agosto!$H$53 -> 1 | I29: =+Agosto!$I$53 -> 0 | J29: =+SUM(F29:I29) -> 1 | K29: =+Agosto!$K$53 -> 0 | L29: =+Agosto!$L$53 -> 0 | M29: =+Agosto!$M$53 -> 0 | N29: =+Agosto!$N$53 -> 0 | O29: =+Agosto!$O$53 -> 0 | P29: =+SUM(K29:O29) -> 0 | Q29: =+J29+P29 -> 1 | R29: =+E29+Q29 -> 17.5
A30: Septiembre | B30: =+Septiembre!$B$53 -> 0 | C30: =+Septiembre!$C$53 -> 0 | D30: =+Septiembre!$D$53 -> 23 | E30: =+SUM(B30:D30) -> 23 | F30: =+Septiembre!$F$53 -> 0 | G30: =+Septiembre!$G$53 -> 0 | H30: =+Septiembre!$H$53 -> 1 | I30: =+Septiembre!$I$53 -> 0 | J30: =+SUM(F30:I30) -> 1 | K30: =+Septiembre!$K$53 -> 0 | L30: =+Septiembre!$L$53 -> 0 | M30: =+Septiembre!$M$53 -> 0 | N30: =+Septiembre!$N$53 -> 0 | O30: =+Septiembre!$O$53 -> 0 | P30: =+SUM(K30:O30) -> 0 | Q30: =+J30+P30 -> 1 | R30: =+E30+Q30 -> 24
A31: Octubre | B31: =+Octubre!$B$53 -> 0 | C31: =+Octubre!$C$53 -> 0 | D31: =+Octubre!$D$53 -> 24 | E31: =+SUM(B31:D31) -> 24 | F31: =+Octubre!$F$53 -> 0 | G31: =+Octubre!$G$53 -> 0 | H31: =+Octubre!$H$53 -> 0.5 | I31: =+Octubre!$I$53 -> 0 | J31: =+SUM(F31:I31) -> 0.5 | K31: =+Octubre!$K$53 -> 0 | L31: =+Octubre!$L$53 -> 0 | M31: =+Octubre!$M$53 -> 0 | N31: =+Octubre!$N$53 -> 0 | O31: =+Octubre!$O$53 -> 0 | P31: =+SUM(K31:O31) -> 0 | Q31: =+J31+P31 -> 0.5 | R31: =+E31+Q31 -> 24.5
A32: Noviembre | B32: =+Noviembre!$B$53 -> 0 | C32: =+Noviembre!$C$53 -> 0 | D32: =+Noviembre!$D$53 -> 26.7 | E32: =+SUM(B32:D32) -> 26.7 | F32: =+Noviembre!$F$53 -> 0 | G32: =+Noviembre!$G$53 -> 0 | H32: =+Noviembre!$H$53 -> 1.7 | I32: =+Noviembre!$I$53 -> 0 | J32: =+SUM(F32:I32) -> 1.7 | K32: =+Noviembre!$K$53 -> 0 | L32: =+Noviembre!$L$53 -> 0 | M32: =+Noviembre!$M$53 -> 0 | N32: =+Noviembre!$N$53 -> 0 | O32: =+Noviembre!$O$53 -> 0 | P32: =+SUM(K32:O32) -> 0 | Q32: =+J32+P32 -> 1.7 | R32: =+E32+Q32 -> 28.4
A33: Diciembre | B33: =+Diciembre!$B$53 -> 0 | C33: =+Diciembre!$C$53 -> 0 | D33: =+Diciembre!$D$53 -> 10 | E33: =+SUM(B33:D33) -> 10 | F33: =+Diciembre!$F$53 -> 0 | G33: =+Diciembre!$G$53 -> 0 | H33: =+Diciembre!$H$53 -> 0 | I33: =+Diciembre!$I$53 -> 0 | J33: =+SUM(F33:I33) -> 0 | K33: =+Diciembre!$K$53 -> 0 | L33: =+Diciembre!$L$53 -> 0 | M33: =+Diciembre!$M$53 -> 0 | N33: =+Diciembre!$N$53 -> 0 | O33: =+Diciembre!$O$53 -> 0 | P33: =+SUM(K33:O33) -> 0 | Q33: =+J33+P33 -> 0 | R33: =+E33+Q33 -> 10
A34: TOTAL | B34: =+SUM(B22:B33) -> 0 | C34: =+SUM(C22:C33) -> 0 | D34: =+SUM(D22:D33) -> 227.7 | E34: =+SUM(E22:E33) -> 227.7 | F34: =+SUM(F22:F33) -> 0.95 | G34: =+SUM(G22:G33) -> 0 | H34: =+SUM(H22:H33) -> 7.9 | I34: =+SUM(I22:I33) -> 17 | ... R34: =+SUM(R22:R33) -> 253.55 | S34: =+E34+Q34 -> 253.55
A37: INDICADORES DE DESTINACION
B40: 27 | C40: 28 | D40: 29 | E40: 30 | F40: 31 | G40: 32 | J40: 33
A41: MES | B41: DESTINACIÓN DE RESIDUOS | G41: TOTAL | I41: MES | K41: INDICADORES DE DESTINACIÓN % | O41: INDICADOR TOTAL (%)
B42: DESACTIVACION (KG/MES) | C42: RECICLAJE (KG/MES) | D42: INCINERACIÓN (KG/MES) | E42: RELLENO SANITARIO (KG/MES) | F42: OTROS SISTEMAS DE DISPOSICION FINAL | J42: IDD | K42: IDR | L42: IDI | M42: IDRS | N42: IDOS
A43: Enero | B43: =+Enero!B62 -> 0 | C43: =+Enero!C62 -> 0 | D43: =+Enero!D62 -> 0 | E43: =+Enero!E62 -> 0 | F43: =+Enero!F62 -> 13.7 | G43: =SUM(B43:F43) -> 13.7 | I43: Enero | J43: =+Enero!J62 -> 0 | K43: =+Enero!K62 -> 0 | L43: =+Enero!L62 -> 0 | M43: =+Enero!M62 -> 0 | N43: =+Enero!N62 -> 100 | O43: =SUM(J43:N43)/100 -> 1
A44: Febrero | B44: =+Febrero!B63 -> 0 | C44: =+Febrero!C63 -> 0 | D44: =+Febrero!D63 -> 0 | E44: =+Febrero!E63 -> 0 | F44: =+Febrero!F63 -> 20.85 | G44: =+SUM(B44:F44) -> 20.85 | I44: Febrero | J44: =+Febrero!J63 -> 0 | K44: =+Febrero!K63 -> 0 | L44: =+Febrero!L63 -> 0 | M44: =+Febrero!M63 -> 0 | N44: =+Febrero!N63 -> 100 | O44: =SUM(J44:N44)/100 -> 1
A45: Marzo | B45: =+Marzo!B64 -> 0 | C45: =+Marzo!C64 -> 0 | D45: =+Marzo!D64 -> 0 | E45: =+Marzo!E64 -> 0 | F45: =+Marzo!F64 -> 21.9 | G45: =+SUM(B45:F45) -> 21.9 | I45: Marzo | J45: =+Marzo!J64 -> 0 | K45: =+Marzo!K64 -> 0 | L45: =+Marzo!L64 -> 0 | M45: =+Marzo!M64 -> 0 | N45: =+Marzo!N64 -> 100 | O45: =SUM(J45:N45)/100 -> 1
A46: Abril | B46: =+Abril!B65 -> 0 | C46: =+Abril!C65 -> 0 | D46: =+Abril!D65 -> 0 | E46: =+Abril!E65 -> 0 | F46: =+Abril!F65 -> 34.9 | G46: =+SUM(B46:F46) -> 34.9 | I46: Abril | J46: =+Abril!J65 -> 0 | K46: =+Abril!K65 -> 0 | L46: =+Abril!L65 -> 0 | M46: =+Abril!M65 -> 0 | N46: =+Abril!N65 -> 100 | O46: =SUM(J46:N46)/100 -> 1
A47: Mayo | B47: =+Mayo!B66 -> 0 | C47: =+Mayo!C66 -> 0 | D47: =+Mayo!D66 -> 0 | E47: =+Mayo!E66 -> 0 | F47: =+Mayo!F66 -> 17.5 | G47: =+SUM(B47:F47) -> 17.5 | I47: Mayo | J47: =+Mayo!J66 -> 0 | K47: =+Mayo!K66 -> 0 | L47: =+Mayo!L66 -> 0 | M47: =+Mayo!M66 -> 0 | N47: =+Mayo!N66 -> 100 | O47: =SUM(J47:N47)/100 -> 1
A48: Junio | B48: =+Junio!B67 -> 0 | C48: =+Junio!C67 -> 0 | D48: =+Junio!D67 -> 0 | E48: =+Junio!E67 -> 0 | F48: =+Junio!F67 -> 20.8 | G48: =+SUM(B48:F48) -> 20.8 | I48: Junio | J48: =+Junio!J67 -> 0 | K48: =+Junio!K67 -> 0 | L48: =+Junio!L67 -> 0 | M48: =+Junio!M67 -> 0 | N48: =+Junio!N67 -> 100 | O48: =SUM(J48:N48)/100 -> 1
A49: Julio | B49: =+Julio!B68 -> 0 | C49: =+Julio!C68 -> 0 | D49: =+Julio!D68 -> 0 | E49: =+Julio!E68 -> 0 | F49: =+Julio!F68 -> 19.5 | G49: =+SUM(B49:F49) -> 19.5 | I49: Julio | J49: =+Julio!J68 -> 0 | K49: =+Julio!K68 -> 0 | L49: =+Julio!L68 -> 0 | M49: =+Julio!M68 -> 0 | N49: =+Julio!N68 -> 100 | O49: =SUM(J49:N49)/100 -> 1
A50: Agosto | B50: =+Agosto!B69 -> 0 | C50: =+Agosto!C69 -> 0 | D50: =+Agosto!D69 -> 0 | E50: =+Agosto!E69 -> 0 | F50: =+Agosto!F69 -> 17.5 | G50: =+SUM(B50:F50) -> 17.5 | I50: Agosto | J50: =+Agosto!J69 -> 0 | K50: =+Agosto!K69 -> 0 | L50: =+Agosto!L69 -> 0 | M50: =+Agosto!M69 -> 0 | N50: =+Agosto!N69 -> 100 | O50: =SUM(J50:N50)/100 -> 1
A51: Septiembre | B51: =+Septiembre!B70 -> 0 | C51: =+Septiembre!C70 -> 0 | D51: =+Septiembre!D70 -> 0 | E51: =+Septiembre!E70 -> 0 | F51: =+Septiembre!F70 -> 24 | G51: =+SUM(B51:F51) -> 24 | I51: Septiembre | J51: =+Septiembre!J70 -> 0 | K51: =+Septiembre!K70 -> 0 | L51: =+Septiembre!L70 -> 0 | M51: =+Septiembre!M70 -> 0 | N51: =+Septiembre!N70 -> 100 | O51: =SUM(J51:N51)/100 -> 1
A52: Octubre | B52: =+Octubre!B71 -> 0 | C52: =+Octubre!C71 -> 0 | D52: =+Octubre!D71 -> 0 | E52: =+Octubre!E71 -> 0 | F52: =+Octubre!F71 -> 24.5 | G52: =+SUM(B52:F52) -> 24.5 | I52: Octubre | J52: =+Octubre!J71 -> 0 | K52: =+Octubre!K71 -> 0 | L52: =+Octubre!L71 -> 0 | M52: =+Octubre!M71 -> 0 | N52: =+Octubre!N71 -> 100 | O52: =SUM(J52:N52)/100 -> 1
A53: Noviembre | B53: =+Noviembre!B72 -> 0 | C53: =+Noviembre!C72 -> 0 | D53: =+Noviembre!D72 -> 0 | E53: =+Noviembre!E72 -> 0 | F53: =+Noviembre!F72 -> 28.4 | G53: =+SUM(B53:F53) -> 28.4 | I53: Noviembre | J53: =+Noviembre!J72 -> 0 | K53: =+Noviembre!K72 -> 0 | L53: =+Noviembre!L72 -> 0 | M53: =+Noviembre!M72 -> 0 | N53: =+Noviembre!N72 -> 100 | O53: =SUM(J53:N53)/100 -> 1
A54: Diciembre | B54: =+Diciembre!B73 -> 0 | C54: =+Diciembre!C73 -> 0 | D54: =+Diciembre!D73 -> 0 | E54: =+Diciembre!E73 -> 0 | F54: =+Diciembre!F73 -> 10 | G54: =+SUM(B54:F54) -> 10 | I54: Diciembre | J54: =+Diciembre!J73 -> 0 | K54: =Diciembre!K73 -> 0 | L54: =+Diciembre!L73 -> 0 | M54: =+Diciembre!M73 -> 0 | N54: =+Diciembre!N73 -> 100 | O54: =ROUND((SUM(J54:N54)/100),2) -> 1
I56: IDD: Indicador de destinacion desactivacion de alta eficiencia
I57: IDR: Indicador de destinacion para reciclaje
I58: IDI: Indicador de destinacion para incineracion
I59: IDRS: Indicador de destinacion para relleno sanitario
J66: Cags1390
