Workbook

Sheet ENERO
D1: FORMATO REGISTRO ANUAL DE GENERACION DE RESIDUOS GENERADOS EN LA ATENCION EN SALUD Y OTRAS ACTIVIDADES
A7: 1. Nombre de la institucion: | K7: 6. Correo Electronico
A8: 2. Ciudad | K8: 7. Responsable del diligenciamiento
A9: 3. Departamento | K9: 8. Cargo
A10: 4. Direccion | K10: 9. Mes:
A11: 5. Telefono
A14: CONSOLIDACION RESIDUOS POR DTS
B16: 10 | C16: 11 | D16: 12 | E16: 13 | F16: 14 | G16: 15 | H16: 16 | I16: 17 | J16: 18 | K16: 19 | L16: 20 | M16: 21 | N16: 22 | O16: 23 | P16: 24 | Q16: 25 | R16: 26
A17: DÍA | B17: RESIDUOS NO PELIGROS | E17: Subtotal Residuos no peligrosos | F17: RESIDUOS PELIGROSOS | Q17: Subtotal Residuos Peligrosos | R17: TOTAL
F18: INFECCIOSO O RIESGO BIOLOGICO | J18: Subtotal residuos de riesgo biologico o infeccioso | K18: OTROS RESIDUOS CON LAS SIGUIENTES CARACTERISTICAS | P18: Subtotal otros residuos
B19: BIODEGRADABLES (KG/AÑO) | C19: RECICLABLES (KG/AÑO) | D19: ORDINARIOS (KG/AÑO) | F19: BIOSANITARIOS (KG/AÑO) | G19: ANATOMOPATOLOGICOS (KG/AÑO) | H19: CORTOPUNZANTES (KG/AÑO) | I19: ANIMALES (KG/AÑO) | K19: CORROSIVA (KG/AÑO) | L19: EXPLOSIVO (KG/AÑO) | M19: TOXICO (KG/AÑO) | N19: INFLAMABLE (KG/AÑO) | O19: REACTIVO (KG/AÑO)
B20: 1 | C20: 2 | D20: 3 | E20: =SUM(B20:D20) -> 6 | F20: 4 | G20: 5 | H20: 6 | I20: 7 | J20: =SUM(F20:I20) -> 22 | K20: 8 | L20: 9 | M20: 0 | N20: 1 | O20: 2 | P20: =SUM(K20:O20) -> 20 | Q20: =J20+P20 -> 42 | R20: =SUM(B20:O20) -> 76
E21: =SUM(B21:D21) -> 0 | J21: =SUM(F21:I21) -> 0 | P21: =SUM(K21:O21) -> 0 | Q21: =J21+P21 -> 0 | R21: =SUM(B21:O21) -> 0
E22: =SUM(B22:D22) -> 0 | J22: =SUM(F22:I22) -> 0 | P22: =SUM(K22:O22) -> 0 | Q22: =J22+P22 -> 0 | R22: =SUM(B22:O22) -> 0
E23: =SUM(B23:D23) -> 0 | J23: =SUM(F23:I23) -> 0 | P23: =SUM(K23:O23) -> 0 | Q23: =J23+P23 -> 0 | R23: =SUM(B23:O23) -> 0
E24: =SUM(B24:D24) -> 0 | J24: =SUM(F24:I24) -> 0 | P24: =SUM(K24:O24) -> 0 | Q24: =J24+P24 -> 0 | R24: =SUM(B24:O24) -> 0
E25: =SUM(B25:D25) -> 0 | J25: =SUM(F25:I25) -> 0 | P25: =SUM(K25:O25) -> 0 | Q25: =J25+P25 -> 0 | R25: =SUM(B25:O25) -> 0
E26: =SUM(B26:D26) -> 0 | J26: =SUM(F26:I26) -> 0 | P26: =SUM(K26:O26) -> 0 | Q26: =J26+P26 -> 0 | R26: =SUM(B26:O26) -> 0
E27: =SUM(B27:D27) -> 0 | J27: =SUM(F27:I27) -> 0 | P27: =SUM(K27:O27) -> 0 | Q27: =J27+P27 -> 0 | R27: =SUM(B27:O27) -> 0
E28: =SUM(B28:D28) -> 0 | J28: =SUM(F28:I28) -> 0 | P28: =SUM(K28:O28) -> 0 | Q28: =J28+P28 -> 0 | R28: =SUM(B28:O28) -> 0
E29: =SUM(B29:D29) -> 0 | J29: =SUM(F29:I29) -> 0 | P29: =SUM(K29:O29) -> 0 | Q29: =J29+P29 -> 0 | R29: =SUM(B29:O29) -> 0
E30: =SUM(B30:D30) -> 0 | J30: =SUM(F30:I30) -> 0 | P30: =SUM(K30:O30) -> 0 | Q30: =J30+P30 -> 0 | R30: =SUM(B30:O30) -> 0
E31: =SUM(B31:D31) -> 0 | J31: =SUM(F31:I31) -> 0 | P31: =SUM(K31:O31) -> 0 | Q31: =J31+P31 -> 0 | R31: =SUM(B31:O31) -> 0
E32: =SUM(B32:D32) -> 0 | J32: =SUM(F32:I32) -> 0 | P32: =SUM(K32:O32) -> 0 | Q32: =J32+P32 -> 0 | R32: =SUM(B32:O32) -> 0
... E50: =SUM(B50:D50) -> 0 | J50: =SUM(F50:I50) -> 0 | P50: =SUM(K50:O50) -> 0 | Q50: =J50+P50 -> 0 | R50: =SUM(B50:O50) -> 0
A51: TOTAL | B51: =SUM(B20:B50) -> 1 | C51: =SUM(C20:C50) -> 2 | D51: =SUM(D20:D50) -> 3 | E51: =SUM(E20:E50) -> 6 | F51: =SUM(F20:F50) -> 4 | G51: =SUM(G20:G50) -> 5 | H51: =SUM(H20:H50) -> 6 | I51: =SUM(I20:I50) -> 7 | ... R51: =SUM(R20:R50) -> 76
A54: INDICADORES DE DESTINACION
B57: 27 | C57: 29 | D57: 29 | E57: 30 | F57: 31 | G57: 32 | J57: 33
A58: AÑO | B58: DESTINACIÓN DE RESIDUOS | G58: TOTAL | I58: MES | K58: INDICADORES DE DESTINACIÓN % | O58: INDICADOR TOTAL (%)
B59: DESACTIVACION (KG/AÑO) | C59: RECICLAJE (KG/AÑO) | D59: INCINERACIÓN (KG/AÑO) | E59: RELLENO SANITARIO (KG/AÑO) | F59: OTROS SISTEMAS DE DISPOSICION FINAL | J59: IDD | K59: IDR | L59: IDI | M59: IDRS | N59: IDOS
A60: Enero | G60: =SUM(B60:F60) -> 0 | I60: Enero | J60: =(B60/$R$51)*100 -> 0 | K60: =(C60/$R$51)*100 -> 0 | L60: =(D60/$R$51)*100 -> 0 | M60: =(E60/$R$51)*100 -> 0 | N60: =(F60/$R$51)*100 -> 0 | O60: =SUM(J60:N60)/100 -> 0
I63: IDD: Indicador de destinacion desactivacion de alta eficiencia
I64: IDR: Indicador de destinacion para reciclaje
I65: IDI: Indicador de destinacion para incineracion
I66: IDRS: Indicador de destinacion para relleno sanitario

Sheet FEBRERO
D1: FORMATO REGISTRO ANUAL DE GENERACION DE RESIDUOS GENERADOS EN LA ATENCION EN SALUD Y OTRAS ACTIVIDADES
A7: 1. Nombre de la institucion: | K7: 6. Correo Electronico
A8: 2. Ciudad | K8: 7. Responsable del diligenciamiento
A9: 3. Departamento | K9: 8. Cargo
A10: 4. Direccion | K10: 9. Mes:
A11: 5. Telefono
A14: CONSOLIDACION RESIDUOS POR DTS
B16: 10 | C16: 11 | D16: 12 | E16: 13 | F16: 14 | G16: 15 | H16: 16 | I16: 17 | J16: 18 | K16: 19 | L16: 20 | M16: 21 | N16: 22 | O16: 23 | P16: 24 | Q16: 25 | R16: 26
A17: DÍA | B17: RESIDUOS NO PELIGROS | E17: Subtotal Residuos no peligrosos | F17: RESIDUOS PELIGROSOS | Q17: Subtotal Residuos Peligrosos | R17: TOTAL
F18: INFECCIOSO O RIESGO BIOLOGICO | J18: Subtotal residuos de riesgo biologico o infeccioso | K18: OTROS RESIDUOS CON LAS SIGUIENTES CARACTERISTICAS | P18: Subtotal otros residuos
B19: BIODEGRADABLES (KG/AÑO) | C19: RECICLABLES (KG/AÑO) | D19: ORDINARIOS (KG/AÑO) | F19: BIOSANITARIOS (KG/AÑO) | G19: ANATOMOPATOLOGICOS (KG/AÑO) | H19: CORTOPUNZANTES (KG/AÑO) | I19: ANIMALES (KG/AÑO) | K19: CORROSIVA (KG/AÑO) | L19: EXPLOSIVO (KG/AÑO) | M19: TOXICO (KG/AÑO) | N19: INFLAMABLE (KG/AÑO) | O19: REACTIVO (KG/AÑO)
B20: 1 | C20: 2 | D20: 3 | E20: =SUM(B20:D20) -> 6 | F20: 4 | G20: 5 | H20: 6 | I20: 7 | J20: =SUM(F20:I20) -> 22 | K20: 8 | L20: 9 | M20: 0 | N20: 1 | O20: 2 | P20: =SUM(K20:O20) -> 20 | Q20: =J20+P20 -> 42 | R20: =SUM(B20:O20) -> 76
E21: =SUM(B21:D21) -> 0 | J21: =SUM(F21:I21) -> 0 | P21: =SUM(K21:O21) -> 0 | Q21: =J21+P21 -> 0 | R21: =SUM(B21:O21) -> 0
E22: =SUM(B22:D22) -> 0 | J22: =SUM(F22:I22) -> 0 | P22: =SUM(K22:O22) -> 0 | Q22: =J22+P22 -> 0 | R22: =SUM(B22:O22) -> 0
E23: =SUM(B23:D23) -> 0 | J23: =SUM(F23:I23) -> 0 | P23: =SUM(K23:O23) -> 0 | Q23: =J23+P23 -> 0 | R23: =SUM(B23:O23) -> 0
E24: =SUM(B24:D24) -> 0 | J24: =SUM(F24:I24) -> 0 | P24: =SUM(K24:O24) -> 0 | Q24: =J24+P24 -> 0 | R24: =SUM(B24:O24) -> 0
E25: =SUM(B25:D25) -> 0 | J25: =SUM(F25:I25) -> 0 | P25: =SUM(K25:O25) -> 0 | Q25: =J25+P25 -> 0 | R25: =SUM(B25:O25) -> 0
E26: =SUM(B26:D26) -> 0 | J26: =SUM(F26:I26) -> 0 | P26: =SUM(K26:O26) -> 0 | Q26: =J26+P26 -> 0 | R26: =SUM(B26:O26) -> 0
E27: =SUM(B27:D27) -> 0 | J27: =SUM(F27:I27) -> 0 | P27: =SUM(K27:O27) -> 0 | Q27: =J27+P27 -> 0 | R27: =SUM(B27:O27) -> 0
E28: =SUM(B28:D28) -> 0 | J28: =SUM(F28:I28) -> 0 | P28: =SUM(K28:O28) -> 0 | Q28: =J28+P28 -> 0 | R28: =SUM(B28:O28) -> 0
E29: =SUM(B29:D29) -> 0 | J29: =SUM(F29:I29) -> 0 | P29: =SUM(K29:O29) -> 0 | Q29: =J29+P29 -> 0 | R29: =SUM(B29:O29) -> 0
E30: =SUM(B30:D30) -> 0 | J30: =SUM(F30:I30) -> 0 | P30: =SUM(K30:O30) -> 0 | Q30: =J30+P30 -> 0 | R30: =SUM(B30:O30) -> 0
E31: =SUM(B31:D31) -> 0 | J31: =SUM(F31:I31) -> 0 | P31: =SUM(K31:O31) -> 0 | Q31: =J31+P31 -> 0 | R31: =SUM(B31:O31) -> 0
E32: =SUM(B32:D32) -> 0 | J32: =SUM(F32:I32) -> 0 | P32: =SUM(K32:O32) -> 0 | Q32: =J32+P32 -> 0 | R32: =SUM(B32:O32) -> 0
... E50: =SUM(B50:D50) -> 0 | J50: =SUM(F50:I50) -> 0 | P50: =SUM(K50:O50) -> 0 | Q50: =J50+P50 -> 0 | R50: =SUM(B50:O50) -> 0
A51: TOTAL | B51: =SUM(B20:B50) -> 1 | C51: =SUM(C20:C50) -> 2 | D51: =SUM(D20:D50) -> 3 | E51: =SUM(E20:E50) -> 6 | F51: =SUM(F20:F50) -> 4 | G51: =SUM(G20:G50) -> 5 | H51: =SUM(H20:H50) -> 6 | I51: =SUM(I20:I50) -> 7 | ... R51: =SUM(R20:R50) -> 76
A54: INDICADORES DE DESTINACION
B57: 27 | C57: 29 | D57: 29 | E57: 30 | F57: 31 | G57: 32 | J57: 33
A58: AÑO | B58: DESTINACIÓN DE RESIDUOS | G58: TOTAL | I58: MES | K58: INDICADORES DE DESTINACIÓN % | O58: INDICADOR TOTAL (%)
B59: DESACTIVACION (KG/AÑO) | C59: RECICLAJE (KG/AÑO) | D59: INCINERACIÓN (KG/AÑO) | E59: RELLENO SANITARIO (KG/AÑO) | F59: OTROS SISTEMAS DE DISPOSICION FINAL | J59: IDD | K59: IDR | L59: IDI | M59: IDRS | N59: IDOS
A60: Enero | B60: =+ENERO!B60 -> 0 | C60: =+ENERO!C60 -> 0 | D60: =+ENERO!D60 -> 0 | E60: =+ENERO!E60 -> 0 | F60: =+ENERO!F60 -> 0 | G60: =SUM(B60:F60) -> 0 | I60: Enero | J60: =(B60/ENERO!$R$51)*100 -> 0 | K60: =(C60/ENERO!$R$51)*100 -> 0 | L60: =(D60/ENERO!$R$51)*100 -> 0 | M60: =(E60/ENERO!$R$51)*100 -> 0 | N60: =(F60/ENERO!$R$51)*100 -> 0 | O60: =SUM(J60:N60)/100 -> 0
A61: Febrero | G61: =SUM(B61:F61) -> 0 | I61: Febrero | J61: =(B61/$R$51)*100 -> 0 | K61: =(C61/$R$51)*100 -> 0 | L61: =(D61/$R$51)*100 -> 0 | M61: =(E61/$R$51)*100 -> 0 | N61: =(F61/$R$51)*100 -> 0 | O61: =SUM(J61:N61)/100 -> 0
I64: IDD: Indicador de destinacion desactivacion de alta eficiencia
I65: IDR: Indicador de destinacion para reciclaje
I66: IDI: Indicador de destinacion para incineracion
I67: IDRS: Indicador de destinacion para relleno sanitario

Sheet MARZO
D1: FORMATO REGISTRO ANUAL DE GENERACION DE RESIDUOS GENERADOS EN LA ATENCION EN SALUD Y OTRAS ACTIVIDADES
A7: 1. Nombre de la institucion: | K7: 6. Correo Electronico
A8: 2. Ciudad | K8: 7. Responsable del diligenciamiento
A9: 3. Departamento | K9: 8. Cargo
A10: 4. Direccion | K10: 9. Mes:
A11: 5. Telefono
A14: CONSOLIDACION RESIDUOS POR DTS
B16: 10 | C16: 11 | D16: 12 | E16: 13 | F16: 14 | G16: 15 | H16: 16 | I16: 17 | J16: 18 | K16: 19 | L16: 20 | M16: 21 | N16: 22 | O16: 23 | P16: 24 | Q16: 25 | R16: 26
A17: DÍA | B17: RESIDUOS NO PELIGROS | E17: Subtotal Residuos no peligrosos | F17: RESIDUOS PELIGROSOS | Q17: Subtotal Residuos Peligrosos | R17: TOTAL
F18: INFECCIOSO O RIESGO BIOLOGICO | J18: Subtotal residuos de riesgo biologico o infeccioso | K18: OTROS RESIDUOS CON LAS SIGUIENTES CARACTERISTICAS | P18: Subtotal otros residuos
B19: BIODEGRADABLES (KG/AÑO) | C19: RECICLABLES (KG/AÑO) | D19: ORDINARIOS (KG/AÑO) | F19: BIOSANITARIOS (KG/AÑO) | G19: ANATOMOPATOLOGICOS (KG/AÑO) | H19: CORTOPUNZANTES (KG/AÑO) | I19: ANIMALES (KG/AÑO) | K19: CORROSIVA (KG/AÑO) | L19: EXPLOSIVO (KG/AÑO) | M19: TOXICO (KG/AÑO) | N19: INFLAMABLE (KG/AÑO) | O19: REACTIVO (KG/AÑO)
B20: 1 | C20: 2 | D20: 3 | E20: =SUM(B20:D20) -> 6 | F20: 4 | G20: 5 | H20: 6 | I20: 7 | J20: =SUM(F20:I20) -> 22 | K20: 8 | L20: 9 | M20: 0 | N20: 1 | O20: 2 | P20: =SUM(K20:O20) -> 20 | Q20: =J20+P20 -> 42 | R20: =SUM(B20:O20) -> 76
E21: =SUM(B21:D21) -> 0 | J21: =SUM(F21:I21) -> 0 | P21: =SUM(K21:O21) -> 0 | Q21: =J21+P21 -> 0 | R21: =SUM(B21:O21) -> 0
E22: =SUM(B22:D22) -> 0 | J22: =SUM(F22:I22) -> 0 | P22: =SUM(K22:O22) -> 0 | Q22: =J22+P22 -> 0 | R22: =SUM(B22:O22) -> 0
E23: =SUM(B23:D23) -> 0 | J23: =SUM(F23:I23) -> 0 | P23: =SUM(K23:O23) -> 0 | Q23: =J23+P23 -> 0 | R23: =SUM(B23:O23) -> 0
E24: =SUM(B24:D24) -> 0 | J24: =SUM(F24:I24) -> 0 | P24: =SUM(K24:O24) -> 0 | Q24: =J24+P24 -> 0 | R24: =SUM(B24:O24) -> 0
E25: =SUM(B25:D25) -> 0 | J25: =SUM(F25:I25) -> 0 | P25: =SUM(K25:O25) -> 0 | Q25: =J25+P25 -> 0 | R25: =SUM(B25:O25) -> 0
E26: =SUM(B26:D26) -> 0 | J26: =SUM(F26:I26) -> 0 | P26: =SUM(K26:O26) -> 0 | Q26: =J26+P26 -> 0 | R26: =SUM(B26:O26) -> 0
E27: =SUM(B27:D27) -> 0 | J27: =SUM(F27:I27) -> 0 | P27: =SUM(K27:O27) -> 0 | Q27: =J27+P27 -> 0 | R27: =SUM(B27:O27) -> 0
E28: =SUM(B28:D28) -> 0 | J28: =SUM(F28:I28) -> 0 | P28: =SUM(K28:O28) -> 0 | Q28: =J28+P28 -> 0 | R28: =SUM(B28:O28) -> 0
E29: =SUM(B29:D29) -> 0 | J29: =SUM(F29:I29) -> 0 | P29: =SUM(K29:O29) -> 0 | Q29: =J29+P29 -> 0 | R29: =SUM(B29:O29) -> 0
E30: =SUM(B30:D30) -> 0 | J30: =SUM(F30:I30) -> 0 | P30: =SUM(K30:O30) -> 0 | Q30: =J30+P30 -> 0 | R30: =SUM(B30:O30) -> 0
E31: =SUM(B31:D31) -> 0 | J31: =SUM(F31:I31) -> 0 | P31: =SUM(K31:O31) -> 0 | Q31: =J31+P31 -> 0 | R31: =SUM(B31:O31) -> 0
E32: =SUM(B32:D32) -> 0 | J32: =SUM(F32:I32) -> 0 | P32: =SUM(K32:O32) -> 0 | Q32: =J32+P32 -> 0 | R32: =SUM(B32:O32) -> 0
... E50: =SUM(B50:D50) -> 0 | J50: =SUM(F50:I50) -> 0 | P50: =SUM(K50:O50) -> 0 | Q50: =J50+P50 -> 0 | R50: =SUM(B50:O50) -> 0
A51: TOTAL | B51: =SUM(B20:B50) -> 1 | C51: =SUM(C20:C50) -> 2 | D51: =SUM(D20:D50) -> 3 | E51: =SUM(E20:E50) -> 6 | F51: =SUM(F20:F50) -> 4 | G51: =SUM(G20:G50) -> 5 | H51: =SUM(H20:H50) -> 6 | I51: =SUM(I20:I50) -> 7 | ... R51: =SUM(R20:R50) -> 76
A54: INDICADORES DE DESTINACION
B57: 27 | C57: 29 | D57: 29 | E57: 30 | F57: 31 | G57: 32 | J57: 33
A58: AÑO | B58: DESTINACIÓN DE RESIDUOS | G58: TOTAL | I58: MES | K58: INDICADORES DE DESTINACIÓN % | O58: INDICADOR TOTAL (%)
B59: DESACTIVACION (KG/AÑO) | C59: RECICLAJE (KG/AÑO) | D59: INCINERACIÓN (KG/AÑO) | E59: RELLENO SANITARIO (KG/AÑO) | F59: OTROS SISTEMAS DE DISPOSICION FINAL | J59: IDD | K59: IDR | L59: IDI | M59: IDRS | N59: IDOS
A60: Enero | B60: =+ENERO!B60 -> 0 | C60: =+ENERO!C60 -> 0 | D60: =+ENERO!D60 -> 0 | E60: =+ENERO!E60 -> 0 | F60: =+ENERO!F60 -> 0 | G60: =SUM(B60:F60) -> 0 | I60: Enero | J60: =(B60/ENERO!$R$51)*100 -> 0 | K60: =(C60/ENERO!$R$51)*100 -> 0 | L60: =(D60/ENERO!$R$51)*100 -> 0 | M60: =(E60/ENERO!$R$51)*100 -> 0 | N60: =(F60/ENERO!$R$51)*100 -> 0 | O60: =SUM(J60:N60)/100 -> 0
A61: Febrero | B61: =+FEBRERO!B61 -> 0 | C61: =+FEBRERO!C61 -> 0 | D61: =+FEBRERO!D61 -> 0 | E61: =+FEBRERO!E61 -> 0 | F61: =+FEBRERO!F61 -> 0 | G61: =SUM(B61:F61) -> 0 | I61: Febrero | J61: =(B61/FEBRERO!$R$51)*100 -> 0 | K61: =(C61/FEBRERO!$R$51)*100 -> 0 | L61: =(D61/FEBRERO!$R$51)*100 -> 0 | M61: =(E61/FEBRERO!$R$51)*100 -> 0 | N61: =(F61/FEBRERO!$R$51)*100 -> 0 | O61: =SUM(J61:N61)/100 -> 0
A62: Marzo | G62: =SUM(B62:F62) -> 0 | I62: Marzo | J62: =(B62/$R$51)*100 -> 0 | K62: =(C62/$R$51)*100 -> 0 | L62: =(D62/$R$51)*100 -> 0 | M62: =(E62/$R$51)*100 -> 0 | N62: =(F62/$R$51)*100 -> 0 | O62: =SUM(J62:N62)/100 -> 0
I65: IDD: Indicador de destinacion desactivacion de alta eficiencia
I66: IDR: Indicador de destinacion para reciclaje
I67: IDI: Indicador de destinacion para incineracion
I68: IDRS: Indicador de destinacion para relleno sanitario

Sheet ABRIL
D1: FORMATO REGISTRO ANUAL DE GENERACION DE RESIDUOS GENERADOS EN LA ATENCION EN SALUD Y OTRAS ACTIVIDADES
A7: 1. Nombre de la institucion: | K7: 6. Correo Electronico
A8: 2. Ciudad | K8: 7. Responsable del diligenciamiento
A9: 3. Departamento | K9: 8. Cargo
A10: 4. Direccion | K10: 9. Mes:
A11: 5. Telefono
A14: CONSOLIDACION RESIDUOS POR DTS
B16: 10 | C16: 11 | D16: 12 | E16: 13 | F16: 14 | G16: 15 | H16: 16 | I16: 17 | J16: 18 | K16: 19 | L16: 20 | M16: 21 | N16: 22 | O16: 23 | P16: 24 | Q16: 25 | R16: 26
A17: DÍA | B17: RESIDUOS NO PELIGROS | E17: Subtotal Residuos no peligrosos | F17: RESIDUOS PELIGROSOS | Q17: Subtotal Residuos Peligrosos | R17: TOTAL
F18: INFECCIOSO O RIESGO BIOLOGICO | J18: Subtotal residuos de riesgo biologico o infeccioso | K18: OTROS RESIDUOS CON LAS SIGUIENTES CARACTERISTICAS | P18: Subtotal otros residuos
B19: BIODEGRADABLES (KG/AÑO) | C19: RECICLABLES (KG/AÑO) | D19: ORDINARIOS (KG/AÑO) | F19: BIOSANITARIOS (KG/AÑO) | G19: ANATOMOPATOLOGICOS (KG/AÑO) | H19: CORTOPUNZANTES (KG/AÑO) | I19: ANIMALES (KG/AÑO) | K19: CORROSIVA (KG/AÑO) | L19: EXPLOSIVO (KG/AÑO) | M19: TOXICO (KG/AÑO) | N19: INFLAMABLE (KG/AÑO) | O19: REACTIVO (KG/AÑO)
B20: 1 | C20: 2 | D20: 3 | E20: =SUM(B20:D20) -> 6 | F20: 4 | G20: 5 | H20: 6 | I20: 7 | J20: =SUM(F20:I20) -> 22 | K20: 8 | L20: 9 | M20: 0 | N20: 1 | O20: 2 | P20: =SUM(K20:O20) -> 20 | Q20: =J20+P20 -> 42 | R20: =SUM(B20:O20) -> 76
E21: =SUM(B21:D21) -> 0 | J21: =SUM(F21:I21) -> 0 | P21: =SUM(K21:O21) -> 0 | Q21: =J21+P21 -> 0 | R21: =SUM(B21:O21) -> 0
E22: =SUM(B22:D22) -> 0 | J22: =SUM(F22:I22) -> 0 | P22: =SUM(K22:O22) -> 0 | Q22: =J22+P22 -> 0 | R22: =SUM(B22:O22) -> 0
E23: =SUM(B23:D23) -> 0 | J23: =SUM(F23:I23) -> 0 | P23: =SUM(K23:O23) -> 0 | Q23: =J23+P23 -> 0 | R23: =SUM(B23:O23) -> 0
E24: =SUM(B24:D24) -> 0 | J24: =SUM(F24:I24) -> 0 | P24: =SUM(K24:O24) -> 0 | Q24: =J24+P24 -> 0 | R24: =SUM(B24:O24) -> 0
E25: =SUM(B25:D25) -> 0 | J25: =SUM(F25:I25) -> 0 | P25: =SUM(K25:O25) -> 0 | Q25: =J25+P25 -> 0 | R25: =SUM(B25:O25) -> 0
E26: =SUM(B26:D26) -> 0 | J26: =SUM(F26:I26) -> 0 | P26: =SUM(K26:O26) -> 0 | Q26: =J26+P26 -> 0 | R26: =SUM(B26:O26) -> 0
E27: =SUM(B27:D27) -> 0 | J27: =SUM(F27:I27) -> 0 | P27: =SUM(K27:O27) -> 0 | Q27: =J27+P27 -> 0 | R27: =SUM(B27:O27) -> 0
E28: =SUM(B28:D28) -> 0 | J28: =SUM(F28:I28) -> 0 | P28: =SUM(K28:O28) -> 0 | Q28: =J28+P28 -> 0 | R28: =SUM(B28:O28) -> 0
E29: =SUM(B29:D29) -> 0 | J29: =SUM(F29:I29) -> 0 | P29: =SUM(K29:O29) -> 0 | Q29: =J29+P29 -> 0 | R29: =SUM(B29:O29) -> 0
E30: =SUM(B30:D30) -> 0 | J30: =SUM(F30:I30) -> 0 | P30: =SUM(K30:O30) -> 0 | Q30: =J30+P30 -> 0 | R30: =SUM(B30:O30) -> 0
E31: =SUM(B31:D31) -> 0 | J31: =SUM(F31:I31) -> 0 | P31: =SUM(K31:O31) -> 0 | Q31: =J31+P31 -> 0 | R31: =SUM(B31:O31) -> 0
E32: =SUM(B32:D32) -> 0 | J32: =SUM(F32:I32) -> 0 | P32: =SUM(K32:O32) -> 0 | Q32: =J32+P32 -> 0 | R32: =SUM(B32:O32) -> 0
... E50: =SUM(B50:D50) -> 0 | J50: =SUM(F50:I50) -> 0 | P50: =SUM(K50:O50) -> 0 | Q50: =J50+P50 -> 0 | R50: =SUM(B50:O50) -> 0
A51: TOTAL | B51: =SUM(B20:B50) -> 1 | C51: =SUM(C20:C50) -> 2 | D51: =SUM(D20:D50) -> 3 | E51: =SUM(E20:E50) -> 6 | F51: =SUM(F20:F50) -> 4 | G51: =SUM(G20:G50) -> 5 | H51: =SUM(H20:H50) -> 6 | I51: =SUM(I20:I50) -> 7 | ... R51: =SUM(R20:R50) -> 76
A54: INDICADORES DE DESTINACION
B57: 27 | C57: 29 | D57: 29 | E57: 30 | F57: 31 | G57: 32 | J57: 33
A58: AÑO | B58: DESTINACIÓN DE RESIDUOS | G58: TOTAL | I58: MES | K58: INDICADORES DE DESTINACIÓN % | O58: INDICADOR TOTAL (%)
B59: DESACTIVACION (KG/AÑO) | C59: RECICLAJE (KG/AÑO) | D59: INCINERACIÓN (KG/AÑO) | E59: RELLENO SANITARIO (KG/AÑO) | F59: OTROS SISTEMAS DE DISPOSICION FINAL | J59: IDD | K59: IDR | L59: IDI | M59: IDRS | N59: IDOS
A60: Enero | B60: =+ENERO!B60 -> 0 | C60: =+ENERO!C60 -> 0 | D60: =+ENERO!D60 -> 0 | E60: =+ENERO!E60 -> 0 | F60: =+ENERO!F60 -> 0 | G60: =SUM(B60:F60) -> 0 | I60: Enero | J60: =(B60/ENERO!$R$51)*100 -> 0 | K60: =(C60/ENERO!$R$51)*100 -> 0 | L60: =(D60/ENERO!$R$51)*100 -> 0 | M60: =(E60/ENERO!$R$51)*100 -> 0 | N60: =(F60/ENERO!$R$51)*100 -> 0 | O60: =SUM(J60:N60)/100 -> 0
A61: Febrero | B61: =+FEBRERO!B61 -> 0 | C61: =+FEBRERO!C61 -> 0 | D61: =+FEBRERO!D61 -> 0 | E61: =+FEBRERO!E61 -> 0 | F61: =+FEBRERO!F61 -> 0 | G61: =SUM(B61:F61) -> 0 | I61: Febrero | J61: =(B61/FEBRERO!$R$51)*100 -> 0 | K61: =(C61/FEBRERO!$R$51)*100 -> 0 | L61: =(D61/FEBRERO!$R$51)*100 -> 0 | M61: =(E61/FEBRERO!$R$51)*100 -> 0 | N61: =(F61/FEBRERO!$R$51)*100 -> 0 | O61: =SUM(J61:N61)/100 -> 0
A62: Marzo | B62: =+MARZO!B62 -> 0 | C62: =+MARZO!C62 -> 0 | D62: =+MARZO!D62 -> 0 | E62: =+MARZO!E62 -> 0 | F62: =+MARZO!F62 -> 0 | G62: =SUM(B62:F62) -> 0 | I62: Marzo | J62: =(B62/MARZO!$R$51)*100 -> 0 | K62: =(C62/MARZO!$R$51)*100 -> 0 | L62: =(D62/MARZO!$R$51)*100 -> 0 | M62: =(E62/MARZO!$R$51)*100 -> 0 | N62: =(F62/MARZO!$R$51)*100 -> 0 | O62: =SUM(J62:N62)/100 -> 0
A63: Abril | G63: =SUM(B63:F63) -> 0 | I63: Abril | J63: =(B63/$R$51)*100 -> 0 | K63: =(C63/$R$51)*100 -> 0 | L63: =(D63/$R$51)*100 -> 0 | M63: =(E63/$R$51)*100 -> 0 | N63: =(F63/$R$51)*100 -> 0 | O63: =SUM(J63:N63)/100 -> 0
I66: IDD: Indicador de destinacion desactivacion de alta eficiencia
I67: IDR: Indicador de destinacion para reciclaje
I68: IDI: Indicador de destinacion para incineracion
I69: IDRS: Indicador de destinacion para relleno sanitario

Sheet MAYO
D1: FORMATO REGISTRO ANUAL DE GENERACION DE RESIDUOS GENERADOS EN LA ATENCION EN SALUD Y OTRAS ACTIVIDADES
A7: 1. Nombre de la institucion: | K7: 6. Correo Electronico
A8: 2. Ciudad | K8: 7. Responsable del diligenciamiento
A9: 3. Departamento | K9: 8. Cargo
A10: 4. Direccion | K10: 9. Mes:
A11: 5. Telefono
A14: CONSOLIDACION RESIDUOS POR DTS
B16: 10 | C16: 11 | D16: 12 | E16: 13 | F16: 14 | G16: 15 | H16: 16 | I16: 17 | J16: 18 | K16: 19 | L16: 20 | M16: 21 | N16: 22 | O16: 23 | P16: 24 | Q16: 25 | R16: 26
A17: DÍA | B17: RESIDUOS NO PELIGROS | E17: Subtotal Residuos no peligrosos | F17: RESIDUOS PELIGROSOS | Q17: Subtotal Residuos Peligrosos | R17: TOTAL
F18: INFECCIOSO O RIESGO BIOLOGICO | J18: Subtotal residuos de riesgo biologico o infeccioso | K18: OTROS RESIDUOS CON LAS SIGUIENTES CARACTERISTICAS | P18: Subtotal otros residuos
B19: BIODEGRADABLES (KG/AÑO) | C19: RECICLABLES (KG/AÑO) | D19: ORDINARIOS (KG/AÑO) | F19: BIOSANITARIOS (KG/AÑO) | G19: ANATOMOPATOLOGICOS (KG/AÑO) | H19: CORTOPUNZANTES (KG/AÑO) | I19: ANIMALES (KG/AÑO) | K19: CORROSIVA (KG/AÑO) | L19: EXPLOSIVO (KG/AÑO) | M19: TOXICO (KG/AÑO) | N19: INFLAMABLE (KG/AÑO) | O19: REACTIVO (KG/AÑO)
B20: 1 | C20: 2 | D20: 3 | E20: =SUM(B20:D20) -> 6 | F20: 4 | G20: 5 | H20: 6 | I20: 7 | J20: =SUM(F20:I20) -> 22 | K20: 8 | L20: 9 | M20: 0 | N20: 1 | O20: 2 | P20: =SUM(K20:O20) -> 20 | Q20: =J20+P20 -> 42 | R20: =SUM(B20:O20) -> 76
E21: =SUM(B21:D21) -> 0 | J21: =SUM(F21:I21) -> 0 | P21: =SUM(K21:O21) -> 0 | Q21: =J21+P21 -> 0 | R21: =SUM(B21:O21) -> 0
E22: =SUM(B22:D22) -> 0 | J22: =SUM(F22:I22) -> 0 | P22: =SUM(K22:O22) -> 0 | Q22: =J22+P22 -> 0 | R22: =SUM(B22:O22) -> 0
E23: =SUM(B23:D23) -> 0 | J23: =SUM(F23:I23) -> 0 | P23: =SUM(K23:O23) -> 0 | Q23: =J23+P23 -> 0 | R23: =SUM(B23:O23) -> 0
E24: =SUM(B24:D24) -> 0 | J24: =SUM(F24:I24) -> 0 | P24: =SUM(K24:O24) -> 0 | Q24: =J24+P24 -> 0 | R24: =SUM(B24:O24) -> 0
E25: =SUM(B25:D25) -> 0 | J25: =SUM(F25:I25) -> 0 | P25: =SUM(K25:O25) -> 0 | Q25: =J25+P25 -> 0 | R25: =SUM(B25:O25) -> 0
E26: =SUM(B26:D26) -> 0 | J26: =SUM(F26:I26) -> 0 | P26: =SUM(K26:O26) -> 0 | Q26: =J26+P26 -> 0 | R26: =SUM(B26:O26) -> 0
E27: =SUM(B27:D27) -> 0 | J27: =SUM(F27:I27) -> 0 | P27: =SUM(K27:O27) -> 0 | Q27: =J27+P27 -> 0 | R27: =SUM(B27:O27) -> 0
E28: =SUM(B28:D28) -> 0 | J28: =SUM(F28:I28) -> 0 | P28: =SUM(K28:O28) -> 0 | Q28: =J28+P28 -> 0 | R28: =SUM(B28:O28) -> 0
E29: =SUM(B29:D29) -> 0 | J29: =SUM(F29:I29) -> 0 | P29: =SUM(K29:O29) -> 0 | Q29: =J29+P29 -> 0 | R29: =SUM(B29:O29) -> 0
E30: =SUM(B30:D30) -> 0 | J30: =SUM(F30:I30) -> 0 | P30: =SUM(K30:O30) -> 0 | Q30: =J30+P30 -> 0 | R30: =SUM(B30:O30) -> 0
E31: =SUM(B31:D31) -> 0 | J31: =SUM(F31:I31) -> 0 | P31: =SUM(K31:O31) -> 0 | Q31: =J31+P31 -> 0 | R31: =SUM(B31:O31) -> 0
E32: =SUM(B32:D32) -> 0 | J32: =SUM(F32:I32) -> 0 | P32: =SUM(K32:O32) -> 0 | Q32: =J32+P32 -> 0 | R32: =SUM(B32:O32) -> 0
... E50: =SUM(B50:D50) -> 0 | J50: =SUM(F50:I50) -> 0 | P50: =SUM(K50:O50) -> 0 | Q50: =J50+P50 -> 0 | R50: =SUM(B50:O50) -> 0
A51: TOTAL | B51: =SUM(B20:B50) -> 1 | C51: =SUM(C20:C50) -> 2 | D51: =SUM(D20:D50) -> 3 | E51: =SUM(E20:E50) -> 6 | F51: =SUM(F20:F50) -> 4 | G51: =SUM(G20:G50) -> 5 | H51: =SUM(H20:H50) -> 6 | I51: =SUM(I20:I50) -> 7 | ... R51: =SUM(R20:R50) -> 76
A54: INDICADORES DE DESTINACION
B57: 27 | C57: 29 | D57: 29 | E57: 30 | F57: 31 | G57: 32 | J57: 33
A58: AÑO | B58: DESTINACIÓN DE RESIDUOS | G58: TOTAL | I58: MES | K58: INDICADORES DE DESTINACIÓN % | O58: INDICADOR TOTAL (%)
B59: DESACTIVACION (KG/AÑO) | C59: RECICLAJE (KG/AÑO) | D59: INCINERACIÓN (KG/AÑO) | E59: RELLENO SANITARIO (KG/AÑO) | F59: OTROS SISTEMAS DE DISPOSICION FINAL | J59: IDD | K59: IDR | L59: IDI | M59: IDRS | N59: IDOS
A60: Enero | B60: =+ENERO!B60 -> 0 | C60: =+ENERO!C60 -> 0 | D60: =+ENERO!D60 -> 0 | E60: =+ENERO!E60 -> 0 | F60: =+ENERO!F60 -> 0 | G60: =SUM(B60:F60) -> 0 | I60: Enero | J60: =(B60/ENERO!$R$51)*100 -> 0 | K60: =(C60/ENERO!$R$51)*100 -> 0 | L60: =(D60/ENERO!$R$51)*100 -> 0 | M60: =(E60/ENERO!$R$51)*100 -> 0 | N60: =(F60/ENERO!$R$51)*100 -> 0 | O60: =SUM(J60:N60)/100 -> 0
A61: Febrero | B61: =+FEBRERO!B61 -> 0 | C61: =+FEBRERO!C61 -> 0 | D61: =+FEBRERO!D61 -> 0 | E61: =+FEBRERO!E61 -> 0 | F61: =+FEBRERO!F61 -> 0 | G61: =SUM(B61:F61) -> 0 | I61: Febrero | J61: =(B61/FEBRERO!$R$51)*100 -> 0 | K61: =(C61/FEBRERO!$R$51)*100 -> 0 | L61: =(D61/FEBRERO!$R$51)*100 -> 0 | M61: =(E61/FEBRERO!$R$51)*100 -> 0 | N61: =(F61/FEBRERO!$R$51)*100 -> 0 | O61: =SUM(J61:N61)/100 -> 0
A62: Marzo | B62: =+MARZO!B62 -> 0 | C62: =+MARZO!C62 -> 0 | D62: =+MARZO!D62 -> 0 | E62: =+MARZO!E62 -> 0 | F62: =+MARZO!F62 -> 0 | G62: =SUM(B62:F62) -> 0 | I62: Marzo | J62: =(B62/MARZO!$R$51)*100 -> 0 | K62: =(C62/MARZO!$R$51)*100 -> 0 | L62: =(D62/MARZO!$R$51)*100 -> 0 | M62: =(E62/MARZO!$R$51)*100 -> 0 | N62: =(F62/MARZO!$R$51)*100 -> 0 | O62: =SUM(J62:N62)/100 -> 0
A63: Abril | B63: =+ABRIL!B63 -> 0 | C63: =+ABRIL!C63 -> 0 | D63: =+ABRIL!D63 -> 0 | E63: =+ABRIL!E63 -> 0 | F63: =+ABRIL!F63 -> 0 | G63: =SUM(B63:F63) -> 0 | I63: Abril | J63: =(B63/ABRIL!$R$51)*100 -> 0 | K63: =(C63/ABRIL!$R$51)*100 -> 0 | L63: =(D63/ABRIL!$R$51)*100 -> 0 | M63: =(E63/ABRIL!$R$51)*100 -> 0 | N63: =(F63/ABRIL!$R$51)*100 -> 0 | O63: =SUM(J63:N63)/100 -> 0
A64: Mayo | G64: =SUM(B64:F64) -> 0 | I64: Mayo | J64: =(B64/$R$51)*100 -> 0 | K64: =(C64/$R$51)*100 -> 0 | L64: =(D64/$R$51)*100 -> 0 | M64: =(E64/$R$51)*100 -> 0 | N64: =(F64/$R$51)*100 -> 0 | O64: =SUM(J64:N64)/100 -> 0
I67: IDD: Indicador de destinacion desactivacion de alta eficiencia
I68: IDR: Indicador de destinacion para reciclaje
I69: IDI: Indicador de destinacion para incineracion
I70: IDRS: Indicador de destinacion para relleno sanitario

Sheet JUNIO
D1: FORMATO REGISTRO ANUAL DE GENERACION DE RESIDUOS GENERADOS EN LA ATENCION EN SALUD Y OTRAS ACTIVIDADES
A7: 1. Nombre de la institucion: | K7: 6. Correo Electronico
A8: 2. Ciudad | K8: 7. Responsable del diligenciamiento
A9: 3. Departamento | K9: 8. Cargo
A10: 4. Direccion | K10: 9. Mes:
A11: 5. Telefono
A14: CONSOLIDACION RESIDUOS POR DTS
B16: 10 | C16: 11 | D16: 12 | E16: 13 | F16: 14 | G16: 15 | H16: 16 | I16: 17 | J16: 18 | K16: 19 | L16: 20 | M16: 21 | N16: 22 | O16: 23 | P16: 24 | Q16: 25 | R16: 26
A17: DÍA | B17: RESIDUOS NO PELIGROS | E17: Subtotal Residuos no peligrosos | F17: RESIDUOS PELIGROSOS | Q17: Subtotal Residuos Peligrosos | R17: TOTAL
F18: INFECCIOSO O RIESGO BIOLOGICO | J18: Subtotal residuos de riesgo biologico o infeccioso | K18: OTROS RESIDUOS CON LAS SIGUIENTES CARACTERISTICAS | P18: Subtotal otros residuos
B19: BIODEGRADABLES (KG/AÑO) | C19: RECICLABLES (KG/AÑO) | D19: ORDINARIOS (KG/AÑO) | F19: BIOSANITARIOS (KG/AÑO) | G19: ANATOMOPATOLOGICOS (KG/AÑO) | H19: CORTOPUNZANTES (KG/AÑO) | I19: ANIMALES (KG/AÑO) | K19: CORROSIVA (KG/AÑO) | L19: EXPLOSIVO (KG/AÑO) | M19: TOXICO (KG/AÑO) | N19: INFLAMABLE (KG/AÑO) | O19: REACTIVO (KG/AÑO)
B20: 1 | C20: 2 | D20: 3 | E20: =SUM(B20:D20) -> 6 | F20: 4 | G20: 5 | H20: 6 | I20: 7 | J20: =SUM(F20:I20) -> 22 | K20: 8 | L20: 9 | M20: 0 | N20: 1 | O20: 2 | P20: =SUM(K20:O20) -> 20 | Q20: =J20+P20 -> 42 | R20: =SUM(B20:O20) -> 76
E21: =SUM(B21:D21) -> 0 | J21: =SUM(F21:I21) -> 0 | P21: =SUM(K21:O21) -> 0 | Q21: =J21+P21 -> 0 | R21: =SUM(B21:O21) -> 0
E22: =SUM(B22:D22) -> 0 | J22: =SUM(F22:I22) -> 0 | P22: =SUM(K22:O22) -> 0 | Q22: =J22+P22 -> 0 | R22: =SUM(B22:O22) -> 0
E23: =SUM(B23:D23) -> 0 | J23: =SUM(F23:I23) -> 0 | P23: =SUM(K23:O23) -> 0 | Q23: =J23+P23 -> 0 | R23: =SUM(B23:O23) -> 0
E24: =SUM(B24:D24) -> 0 | J24: =SUM(F24:I24) -> 0 | P24: =SUM(K24:O24) -> 0 | Q24: =J24+P24 -> 0 | R24: =SUM(B24:O24) -> 0
E25: =SUM(B25:D25) -> 0 | J25: =SUM(F25:I25) -> 0 | P25: =SUM(K25:O25) -> 0 | Q25: =J25+P25 -> 0 | R25: =SUM(B25:O25) -> 0
E26: =SUM(B26:D26) -> 0 | J26: =SUM(F26:I26) -> 0 | P26: =SUM(K26:O26) -> 0 | Q26: =J26+P26 -> 0 | R26: =SUM(B26:O26) -> 0
E27: =SUM(B27:D27) -> 0 | J27: =SUM(F27:I27) -> 0 | P27: =SUM(K27:O27) -> 0 | Q27: =J27+P27 -> 0 | R27: =SUM(B27:O27) -> 0
E28: =SUM(B28:D28) -> 0 | J28: =SUM(F28:I28) -> 0 | P28: =SUM(K28:O28) -> 0 | Q28: =J28+P28 -> 0 | R28: =SUM(B28:O28) -> 0
E29: =SUM(B29:D29) -> 0 | J29: =SUM(F29:I29) -> 0 | P29: =SUM(K29:O29) -> 0 | Q29: =J29+P29 -> 0 | R29: =SUM(B29:O29) -> 0
E30: =SUM(B30:D30) -> 0 | J30: =SUM(F30:I30) -> 0 | P30: =SUM(K30:O30) -> 0 | Q30: =J30+P30 -> 0 | R30: =SUM(B30:O30) -> 0
E31: =SUM(B31:D31) -> 0 | J31: =SUM(F31:I31) -> 0 | P31: =SUM(K31:O31) -> 0 | Q31: =J31+P31 -> 0 | R31: =SUM(B31:O31) -> 0
E32: =SUM(B32:D32) -> 0 | J32: =SUM(F32:I32) -> 0 | P32: =SUM(K32:O32) -> 0 | Q32: =J32+P32 -> 0 | R32: =SUM(B32:O32) -> 0
... E50: =SUM(B50:D50) -> 0 | J50: =SUM(F50:I50) -> 0 | P50: =SUM(K50:O50) -> 0 | Q50: =J50+P50 -> 0 | R50: =SUM(B50:O50) -> 0
A51: TOTAL | B51: =SUM(B20:B50) -> 1 | C51: =SUM(C20:C50) -> 2 | D51: =SUM(D20:D50) -> 3 | E51: =SUM(E20:E50) -> 6 | F51: =SUM(F20:F50) -> 4 | G51: =SUM(G20:G50) -> 5 | H51: =SUM(H20:H50) -> 6 | I51: =SUM(I20:I50) -> 7 | ... R51: =SUM(R20:R50) -> 76
A54: INDICADORES DE DESTINACION
B57: 27 | C57: 29 | D57: 29 | E57: 30 | F57: 31 | G57: 32 | J57: 33
A58: AÑO | B58: DESTINACIÓN DE RESIDUOS | G58: TOTAL | I58: MES | K58: INDICADORES DE DESTINACIÓN % | O58: INDICADOR TOTAL (%)
B59: DESACTIVACION (KG/AÑO) | C59: RECICLAJE (KG/AÑO) | D59: INCINERACIÓN (KG/AÑO) | E59: RELLENO SANITARIO (KG/AÑO) | F59: OTROS SISTEMAS DE DISPOSICION FINAL | J59: IDD | K59: IDR | L59: IDI | M59: IDRS | N59: IDOS
A60: Enero | B60: =+ENERO!B60 -> 0 | C60: =+ENERO!C60 -> 0 | D60: =+ENERO!D60 -> 0 | E60: =+ENERO!E60 -> 0 | F60: =+ENERO!F60 -> 0 | G60: =SUM(B60:F60) -> 0 | I60: Enero | J60: =(B60/ENERO!$R$51)*100 -> 0 | K60: =(C60/ENERO!$R$51)*100 -> 0 | L60: =(D60/ENERO!$R$51)*100 -> 0 | M60: =(E60/ENERO!$R$51)*100 -> 0 | N60: =(F60/ENERO!$R$51)*100 -> 0 | O60: =SUM(J60:N60)/100 -> 0
A61: Febrero | B61: =+FEBRERO!B61 -> 0 | C61: =+FEBRERO!C61 -> 0 | D61: =+FEBRERO!D61 -> 0 | E61: =+FEBRERO!E61 -> 0 | F61: =+FEBRERO!F61 -> 0 | G61: =SUM(B61:F61) -> 0 | I61: Febrero | J61: =(B61/FEBRERO!$R$51)*100 -> 0 | K61: =(C61/FEBRERO!$R$51)*100 -> 0 | L61: =(D61/FEBRERO!$R$51)*100 -> 0 | M61: =(E61/FEBRERO!$R$51)*100 -> 0 | N61: =(F61/FEBRERO!$R$51)*100 -> 0 | O61: =SUM(J61:N61)/100 -> 0
A62: Marzo | B62: =+MARZO!B62 -> 0 | C62: =+MARZO!C62 -> 0 | D62: =+MARZO!D62 -> 0 | E62: =+MARZO!E62 -> 0 | F62: =+MARZO!F62 -> 0 | G62: =SUM(B62:F62) -> 0 | I62: Marzo | J62: =(B62/MARZO!$R$51)*100 -> 0 | K62: =(C62/MARZO!$R$51)*100 -> 0 | L62: =(D62/MARZO!$R$51)*100 -> 0 | M62: =(E62/MARZO!$R$51)*100 -> 0 | N62: =(F62/MARZO!$R$51)*100 -> 0 | O62: =SUM(J62:N62)/100 -> 0
A63: Abril | B63: =+ABRIL!B63 -> 0 | C63: =+ABRIL!C63 -> 0 | D63: =+ABRIL!D63 -> 0 | E63: =+ABRIL!E63 -> 0 | F63: =+ABRIL!F63 -> 0 | G63: =SUM(B63:F63) -> 0 | I63: Abril | J63: =(B63/ABRIL!$R$51)*100 -> 0 | K63: =(C63/ABRIL!$R$51)*100 -> 0 | L63: =(D63/ABRIL!$R$51)*100 -> 0 | M63: =(E63/ABRIL!$R$51)*100 -> 0 | N63: =(F63/ABRIL!$R$51)*100 -> 0 | O63: =SUM(J63:N63)/100 -> 0
A64: Mayo | B64: =+MAYO!B64 -> 0 | C64: =+MAYO!C64 -> 0 | D64: =+MAYO!D64 -> 0 | E64: =+MAYO!E64 -> 0 | F64: =+MAYO!F64 -> 0 | G64: =SUM(B64:F64) -> 0 | I64: Mayo | J64: =(B64/MAYO!$R$51)*100 -> 0 | K64: =(C64/MAYO!$R$51)*100 -> 0 | L64: =(D64/MAYO!$R$51)*100 -> 0 | M64: =(E64/MAYO!$R$51)*100 -> 0 | N64: =(F64/MAYO!$R$51)*100 -> 0 | O64: =SUM(J64:N64)/100 -> 0
A65: Junio | G65: =SUM(B65:F65) -> 0 | I65: Junio | J65: =(B65/$R$51)*100 -> 0 | K65: =(C65/$R$51)*100 -> 0 | L65: =(D65/$R$51)*100 -> 0 | M65: =(E65/$R$51)*100 -> 0 | N65: =(F65/$R$51)*100 -> 0 | O65: =SUM(J65:N65)/100 -> 0
I68: IDD: Indicador de destinacion desactivacion de alta eficiencia
I69: IDR: Indicador de destinacion para reciclaje
I70: IDI: Indicador de destinacion para incineracion
I71: IDRS: Indicador de destinacion para relleno sanitario

Sheet JULIO
D1: FORMATO REGISTRO ANUAL DE GENERACION DE RESIDUOS GENERADOS EN LA ATENCION EN SALUD Y OTRAS ACTIVIDADES
A7: 1. Nombre de la institucion: | K7: 6. Correo Electronico
A8: 2. Ciudad | K8: 7. Responsable del diligenciamiento
A9: 3. Departamento | K9: 8. Cargo
A10: 4. Direccion | K10: 9. Mes:
A11: 5. Telefono
A14: CONSOLIDACION RESIDUOS POR DTS
B16: 10 | C16: 11 | D16: 12 | E16: 13 | F16: 14 | G16: 15 | H16: 16 | I16: 17 | J16: 18 | K16: 19 | L16: 20 | M16: 21 | N16: 22 | O16: 23 | P16: 24 | Q16: 25 | R16: 26
A17: DÍA | B17: RESIDUOS NO PELIGROS | E17: Subtotal Residuos no peligrosos | F17: RESIDUOS PELIGROSOS | Q17: Subtotal Residuos Peligrosos | R17: TOTAL
F18: INFECCIOSO O RIESGO BIOLOGICO | J18: Subtotal residuos de riesgo biologico o infeccioso | K18: OTROS RESIDUOS CON LAS SIGUIENTES CARACTERISTICAS | P18: Subtotal otros residuos
B19: BIODEGRADABLES (KG/AÑO) | C19: RECICLABLES (KG/AÑO) | D19: ORDINARIOS (KG/AÑO) | F19: BIOSANITARIOS (KG/AÑO) | G19: ANATOMOPATOLOGICOS (KG/AÑO) | H19: CORTOPUNZANTES (KG/AÑO) | I19: ANIMALES (KG/AÑO) | K19: CORROSIVA (KG/AÑO) | L19: EXPLOSIVO (KG/AÑO) | M19: TOXICO (KG/AÑO) | N19: INFLAMABLE (KG/AÑO) | O19: REACTIVO (KG/AÑO)
B20: 1 | C20: 2 | D20: 3 | E20: =SUM(B20:D20) -> 6 | F20: 4 | G20: 5 | H20: 6 | I20: 7 | J20: =SUM(F20:I20) -> 22 | K20: 8 | L20: 9 | M20: 0 | N20: 1 | O20: 2 | P20: =SUM(K20:O20) -> 20 | Q20: =J20+P20 -> 42 | R20: =SUM(B20:O20) -> 76
E21: =SUM(B21:D21) -> 0 | J21: =SUM(F21:I21) -> 0 | P21: =SUM(K21:O21) -> 0 | Q21: =J21+P21 -> 0 | R21: =SUM(B21:O21) -> 0
E22: =SUM(B22:D22) -> 0 | J22: =SUM(F22:I22) -> 0 | P22: =SUM(K22:O22) -> 0 | Q22: =J22+P22 -> 0 | R22: =SUM(B22:O22) -> 0
E23: =SUM(B23:D23) -> 0 | J23: =SUM(F23:I23) -> 0 | P23: =SUM(K23:O23) -> 0 | Q23: =J23+P23 -> 0 | R23: =SUM(B23:O23) -> 0
E24: =SUM(B24:D24) -> 0 | J24: =SUM(F24:I24) -> 0 | P24: =SUM(K24:O24) -> 0 | Q24: =J24+P24 -> 0 | R24: =SUM(B24:O24) -> 0
E25: =SUM(B25:D25) -> 0 | J25: =SUM(F25:I25) -> 0 | P25: =SUM(K25:O25) -> 0 | Q25: =J25+P25 -> 0 | R25: =SUM(B25:O25) -> 0
E26: =SUM(B26:D26) -> 0 | J26: =SUM(F26:I26) -> 0 | P26: =SUM(K26:O26) -> 0 | Q26: =J26+P26 -> 0 | R26: =SUM(B26:O26) -> 0
E27: =SUM(B27:D27) -> 0 | J27: =SUM(F27:I27) -> 0 | P27: =SUM(K27:O27) -> 0 | Q27: =J27+P27 -> 0 | R27: =SUM(B27:O27) -> 0
E28: =SUM(B28:D28) -> 0 | J28: =SUM(F28:I28) -> 0 | P28: =SUM(K28:O28) -> 0 | Q28: =J28+P28 -> 0 | R28: =SUM(B28:O28) -> 0
E29: =SUM(B29:D29) -> 0 | J29: =SUM(F29:I29) -> 0 | P29: =SUM(K29:O29) -> 0 | Q29: =J29+P29 -> 0 | R29: =SUM(B29:O29) -> 0
E30: =SUM(B30:D30) -> 0 | J30: =SUM(F30:I30) -> 0 | P30: =SUM(K30:O30) -> 0 | Q30: =J30+P30 -> 0 | R30: =SUM(B30:O30) -> 0
E31: =SUM(B31:D31) -> 0 | J31: =SUM(F31:I31) -> 0 | P31: =SUM(K31:O31) -> 0 | Q31: =J31+P31 -> 0 | R31: =SUM(B31:O31) -> 0
E32: =SUM(B32:D32) -> 0 | J32: =SUM(F32:I32) -> 0 | P32: =SUM(K32:O32) -> 0 | Q32: =J32+P32 -> 0 | R32: =SUM(B32:O32) -> 0
... E50: =SUM(B50:D50) -> 0 | J50: =SUM(F50:I50) -> 0 | P50: =SUM(K50:O50) -> 0 | Q50: =J50+P50 -> 0 | R50: =SUM(B50:O50) -> 0
A51: TOTAL | B51: =SUM(B20:B50) -> 1 | C51: =SUM(C20:C50) -> 2 | D51: =SUM(D20:D50) -> 3 | E51: =SUM(E20:E50) -> 6 | F51: =SUM(F20:F50) -> 4 | G51: =SUM(G20:G50) -> 5 | H51: =SUM(H20:H50) -> 6 | I51: =SUM(I20:I50) -> 7 | ... R51: =SUM(R20:R50) -> 76
A54: INDICADORES DE DESTINACION
B57: 27 | C57: 29 | D57: 29 | E57: 30 | F57: 31 | G57: 32 | J57: 33
A58: AÑO | B58: DESTINACIÓN DE RESIDUOS | G58: TOTAL | I58: MES | K58: INDICADORES DE DESTINACIÓN % | O58: INDICADOR TOTAL (%)
B59: DESACTIVACION (KG/AÑO) | C59: RECICLAJE (KG/AÑO) | D59: INCINERACIÓN (KG/AÑO) | E59: RELLENO SANITARIO (KG/AÑO) | F59: OTROS SISTEMAS DE DISPOSICION FINAL | J59: IDD | K59: IDR | L59: IDI | M59: IDRS | N59: IDOS
A60: Enero | B60: =+ENERO!B60 -> 0 | C60: =+ENERO!C60 -> 0 | D60: =+ENERO!D60 -> 0 | E60: =+ENERO!E60 -> 0 | F60: =+ENERO!F60 -> 0 | G60: =SUM(B60:F60) -> 0 | I60: Enero | J60: =(B60/ENERO!$R$51)*100 -> 0 | K60: =(C60/ENERO!$R$51)*100 -> 0 | L60: =(D60/ENERO!$R$51)*100 -> 0 | M60: =(E60/ENERO!$R$51)*100 -> 0 | N60: =(F60/ENERO!$R$51)*100 -> 0 | O60: =SUM(J60:N60)/100 -> 0
A61: Febrero | B61: =+FEBRERO!B61 -> 0 | C61: =+FEBRERO!C61 -> 0 | D61: =+FEBRERO!D61 -> 0 | E61: =+FEBRERO!E61 -> 0 | F61: =+FEBRERO!F61 -> 0 | G61: =SUM(B61:F61) -> 0 | I61: Febrero | J61: =(B61/FEBRERO!$R$51)*100 -> 0 | K61: =(C61/FEBRERO!$R$51)*100 -> 0 | L61: =(D61/FEBRERO!$R$51)*100 -> 0 | M61: =(E61/FEBRERO!$R$51)*100 -> 0 | N61: =(F61/FEBRERO!$R$51)*100 -> 0 | O61: =SUM(J61:N61)/100 -> 0
A62: Marzo | B62: =+MARZO!B62 -> 0 | C62: =+MARZO!C62 -> 0 | D62: =+MARZO!D62 -> 0 | E62: =+MARZO!E62 -> 0 | F62: =+MARZO!F62 -> 0 | G62: =SUM(B62:F62) -> 0 | I62: Marzo | J62: =(B62/MARZO!$R$51)*100 -> 0 | K62: =(C62/MARZO!$R$51)*100 -> 0 | L62: =(D62/MARZO!$R$51)*100 -> 0 | M62: =(E62/MARZO!$R$51)*100 -> 0 | N62: =(F62/MARZO!$R$51)*100 -> 0 | O62: =SUM(J62:N62)/100 -> 0
A63: Abril | B63: =+ABRIL!B63 -> 0 | C63: =+ABRIL!C63 -> 0 | D63: =+ABRIL!D63 -> 0 | E63: =+ABRIL!E63 -> 0 | F63: =+ABRIL!F63 -> 0 | G63: =SUM(B63:F63) -> 0 | I63: Abril | J63: =(B63/ABRIL!$R$51)*100 -> 0 | K63: =(C63/ABRIL!$R$51)*100 -> 0 | L63: =(D63/ABRIL!$R$51)*100 -> 0 | M63: =(E63/ABRIL!$R$51)*100 -> 0 | N63: =(F63/ABRIL!$R$51)*100 -> 0 | O63: =SUM(J63:N63)/100 -> 0
A64: Mayo | B64: =+MAYO!B64 -> 0 | C64: =+MAYO!C64 -> 0 | D64: =+MAYO!D64 -> 0 | E64: =+MAYO!E64 -> 0 | F64: =+MAYO!F64 -> 0 | G64: =SUM(B64:F64) -> 0 | I64: Mayo | J64: =(B64/MAYO!$R$51)*100 -> 0 | K64: =(C64/MAYO!$R$51)*100 -> 0 | L64: =(D64/MAYO!$R$51)*100 -> 0 | M64: =(E64/MAYO!$R$51)*100 -> 0 | N64: =(F64/MAYO!$R$51)*100 -> 0 | O64: =SUM(J64:N64)/100 -> 0
A65: Junio | B65: =+JUNIO!B65 -> 0 | C65: =+JUNIO!C65 -> 0 | D65: =+JUNIO!D65 -> 0 | E65: =+JUNIO!E65 -> 0 | F65: =+JUNIO!F65 -> 0 | G65: =SUM(B65:F65) -> 0 | I65: Junio | J65: =(B65/JUNIO!$R$51)*100 -> 0 | K65: =(C65/JUNIO!$R$51)*100 -> 0 | L65: =(D65/JUNIO!$R$51)*100 -> 0 | M65: =(E65/JUNIO!$R$51)*100 -> 0 | N65: =(F65/JUNIO!$R$51)*100 -> 0 | O65: =SUM(J65:N65)/100 -> 0
A66: Julio | G66: =SUM(B66:F66) -> 0 | I66: Julio | J66: =(B66/$R$51)*100 -> 0 | K66: =(C66/$R$51)*100 -> 0 | L66: =(D66/$R$51)*100 -> 0 | M66: =(E66/$R$51)*100 -> 0 | N66: =(F66/$R$51)*100 -> 0 | O66: =SUM(J66:N66)/100 -> 0
I69: IDD: Indicador de destinacion desactivacion de alta eficiencia
I70: IDR: Indicador de destinacion para reciclaje
I71: IDI: Indicador de destinacion para incineracion
I72: IDRS: Indicador de destinacion para relleno sanitario

Sheet AGOSTO
D1: FORMATO REGISTRO ANUAL DE GENERACION DE RESIDUOS GENERADOS EN LA ATENCION EN SALUD Y OTRAS ACTIVIDADES
A7: 1. Nombre de la institucion: | K7: 6. Correo Electronico
A8: 2. Ciudad | K8: 7. Responsable del diligenciamiento
A9: 3. Departamento | K9: 8. Cargo
A10: 4. Direccion | K10: 9. Mes:
A11: 5. Telefono
A14: CONSOLIDACION RESIDUOS POR DTS
B16: 10 | C16: 11 | D16: 12 | E16: 13 | F16: 14 | G16: 15 | H16: 16 | I16: 17 | J16: 18 | K16: 19 | L16: 20 | M16: 21 | N16: 22 | O16: 23 | P16: 24 | Q16: 25 | R16: 26
A17: DÍA | B17: RESIDUOS NO PELIGROS | E17: Subtotal Residuos no peligrosos | F17: RESIDUOS PELIGROSOS | Q17: Subtotal Residuos Peligrosos | R17: TOTAL
F18: INFECCIOSO O RIESGO BIOLOGICO | J18: Subtotal residuos de riesgo biologico o infeccioso | K18: OTROS RESIDUOS CON LAS SIGUIENTES CARACTERISTICAS | P18: Subtotal otros residuos
B19: BIODEGRADABLES (KG/AÑO) | C19: RECICLABLES (KG/AÑO) | D19: ORDINARIOS (KG/AÑO) | F19: BIOSANITARIOS (KG/AÑO) | G19: ANATOMOPATOLOGICOS (KG/AÑO) | H19: CORTOPUNZANTES (KG/AÑO) | I19: ANIMALES (KG/AÑO) | K19: CORROSIVA (KG/AÑO) | L19: EXPLOSIVO (KG/AÑO) | M19: TOXICO (KG/AÑO) | N19: INFLAMABLE (KG/AÑO) | O19: REACTIVO (KG/AÑO)
B20: 1 | C20: 2 | D20: 3 | E20: =SUM(B20:D20) -> 6 | F20: 4 | G20: 5 | H20: 6 | I20: 7 | J20: =SUM(F20:I20) -> 22 | K20: 8 | L20: 9 | M20: 0 | N20: 1 | O20: 2 | P20: =SUM(K20:O20) -> 20 | Q20: =J20+P20 -> 42 | R20: =SUM(B20:O20) -> 76
E21: =SUM(B21:D21) -> 0 | J21: =SUM(F21:I21) -> 0 | P21: =SUM(K21:O21) -> 0 | Q21: =J21+P21 -> 0 | R21: =SUM(B21:O21) -> 0
E22: =SUM(B22:D22) -> 0 | J22: =SUM(F22:I22) -> 0 | P22: =SUM(K22:O22) -> 0 | Q22: =J22+P22 -> 0 | R22: =SUM(B22:O22) -> 0
E23: =SUM(B23:D23) -> 0 | J23: =SUM(F23:I23) -> 0 | P23: =SUM(K23:O23) -> 0 | Q23: =J23+P23 -> 0 | R23: =SUM(B23:O23) -> 0
E24: =SUM(B24:D24) -> 0 | J24: =SUM(F24:I24) -> 0 | P24: =SUM(K24:O24) -> 0 | Q24: =J24+P24 -> 0 | R24: =SUM(B24:O24) -> 0
E25: =SUM(B25:D25) -> 0 | J25: =SUM(F25:I25) -> 0 | P25: =SUM(K25:O25) -> 0 | Q25: =J25+P25 -> 0 | R25: =SUM(B25:O25) -> 0
E26: =SUM(B26:D26) -> 0 | J26: =SUM(F26:I26) -> 0 | P26: =SUM(K26:O26) -> 0 | Q26: =J26+P26 -> 0 | R26: =SUM(B26:O26) -> 0
E27: =SUM(B27:D27) -> 0 | J27: =SUM(F27:I27) -> 0 | P27: =SUM(K27:O27) -> 0 | Q27: =J27+P27 -> 0 | R27: =SUM(B27:O27) -> 0
E28: =SUM(B28:D28) -> 0 | J28: =SUM(F28:I28) -> 0 | P28: =SUM(K28:O28) -> 0 | Q28: =J28+P28 -> 0 | R28: =SUM(B28:O28) -> 0
E29: =SUM(B29:D29) -> 0 | J29: =SUM(F29:I29) -> 0 | P29: =SUM(K29:O29) -> 0 | Q29: =J29+P29 -> 0 | R29: =SUM(B29:O29) -> 0
E30: =SUM(B30:D30) -> 0 | J30: =SUM(F30:I30) -> 0 | P30: =SUM(K30:O30) -> 0 | Q30: =J30+P30 -> 0 | R30: =SUM(B30:O30) -> 0
E31: =SUM(B31:D31) -> 0 | J31: =SUM(F31:I31) -> 0 | P31: =SUM(K31:O31) -> 0 | Q31: =J31+P31 -> 0 | R31: =SUM(B31:O31) -> 0
E32: =SUM(B32:D32) -> 0 | J32: =SUM(F32:I32) -> 0 | P32: =SUM(K32:O32) -> 0 | Q32: =J32+P32 -> 0 | R32: =SUM(B32:O32) -> 0
... E50: =SUM(B50:D50) -> 0 | J50: =SUM(F50:I50) -> 0 | P50: =SUM(K50:O50) -> 0 | Q50: =J50+P50 -> 0 | R50: =SUM(B50:O50) -> 0
A51: TOTAL | B51: =SUM(B20:B50) -> 1 | C51: =SUM(C20:C50) -> 2 | D51: =SUM(D20:D50) -> 3 | E51: =SUM(E20:E50) -> 6 | F51: =SUM(F20:F50) -> 4 | G51: =SUM(G20:G50) -> 5 | H51: =SUM(H20:H50) -> 6 | I51: =SUM(I20:I50) -> 7 | ... R51: =SUM(R20:R50) -> 76
A54: INDICADORES DE DESTINACION
B57: 27 | C57: 29 | D57: 29 | E57: 30 | F57: 31 | G57: 32 | J57: 33
A58: AÑO | B58: DESTINACIÓN DE RESIDUOS | G58: TOTAL | I58: MES | K58: INDICADORES DE DESTINACIÓN % | O58: INDICADOR TOTAL (%)
B59: DESACTIVACION (KG/AÑO) | C59: RECICLAJE (KG/AÑO) | D59: INCINERACIÓN (KG/AÑO) | E59: RELLENO SANITARIO (KG/AÑO) | F59: OTROS SISTEMAS DE DISPOSICION FINAL | J59: IDD | K59: IDR | L59: IDI | M59: IDRS | N59: IDOS
A60: Enero | B60: =+ENERO!B60 -> 0 | C60: =+ENERO!C60 -> 0 | D60: =+ENERO!D60 -> 0 | E60: =+ENERO!E60 -> 0 | F60: =+ENERO!F60 -> 0 | G60: =SUM(B60:F60) -> 0 | I60: Enero | J60: =(B60/ENERO!$R$51)*100 -> 0 | K60: =(C60/ENERO!$R$51)*100 -> 0 | L60: =(D60/ENERO!$R$51)*100 -> 0 | M60: =(E60/ENERO!$R$51)*100 -> 0 | N60: =(F60/ENERO!$R$51)*100 -> 0 | O60: =SUM(J60:N60)/100 -> 0
A61: Febrero | B61: =+FEBRERO!B61 -> 0 | C61: =+FEBRERO!C61 -> 0 | D61: =+FEBRERO!D61 -> 0 | E61: =+FEBRERO!E61 -> 0 | F61: =+FEBRERO!F61 -> 0 | G61: =SUM(B61:F61) -> 0 | I61: Febrero | J61: =(B61/FEBRERO!$R$51)*100 -> 0 | K61: =(C61/FEBRERO!$R$51)*100 -> 0 | L61: =(D61/FEBRERO!$R$51)*100 -> 0 | M61: =(E61/FEBRERO!$R$51)*100 -> 0 | N61: =(F61/FEBRERO!$R$51)*100 -> 0 | O61: =SUM(J61:N61)/100 -> 0
A62: Marzo | B62: =+MARZO!B62 -> 0 | C62: =+MARZO!C62 -> 0 | D62: =+MARZO!D62 -> 0 | E62: =+MARZO!E62 -> 0 | F62: =+MARZO!F62 -> 0 | G62: =SUM(B62:F62) -> 0 | I62: Marzo | J62: =(B62/MARZO!$R$51)*100 -> 0 | K62: =(C62/MARZO!$R$51)*100 -> 0 | L62: =(D62/MARZO!$R$51)*100 -> 0 | M62: =(E62/MARZO!$R$51)*100 -> 0 | N62: =(F62/MARZO!$R$51)*100 -> 0 | O62: =SUM(J62:N62)/100 -> 0
A63: Abril | B63: =+ABRIL!B63 -> 0 | C63: =+ABRIL!C63 -> 0 | D63: =+ABRIL!D63 -> 0 | E63: =+ABRIL!E63 -> 0 | F63: =+ABRIL!F63 -> 0 | G63: =SUM(B63:F63) -> 0 | I63: Abril | J63: =(B63/ABRIL!$R$51)*100 -> 0 | K63: =(C63/ABRIL!$R$51)*100 -> 0 | L63: =(D63/ABRIL!$R$51)*100 -> 0 | M63: =(E63/ABRIL!$R$51)*100 -> 0 | N63: =(F63/ABRIL!$R$51)*100 -> 0 | O63: =SUM(J63:N63)/100 -> 0
A64: Mayo | B64: =+MAYO!B64 -> 0 | C64: =+MAYO!C64 -> 0 | D64: =+MAYO!D64 -> 0 | E64: =+MAYO!E64 -> 0 | F64: =+MAYO!F64 -> 0 | G64: =SUM(B64:F64) -> 0 | I64: Mayo | J64: =(B64/MAYO!$R$51)*100 -> 0 | K64: =(C64/MAYO!$R$51)*100 -> 0 | L64: =(D64/MAYO!$R$51)*100 -> 0 | M64: =(E64/MAYO!$R$51)*100 -> 0 | N64: =(F64/MAYO!$R$51)*100 -> 0 | O64: =SUM(J64:N64)/100 -> 0
A65: Junio | B65: =+JUNIO!B65 -> 0 | C65: =+JUNIO!C65 -> 0 | D65: =+JUNIO!D65 -> 0 | E65: =+JUNIO!E65 -> 0 | F65: =+JUNIO!F65 -> 0 | G65: =SUM(B65:F65) -> 0 | I65: Junio | J65: =(B65/JUNIO!$R$51)*100 -> 0 | K65: =(C65/JUNIO!$R$51)*100 -> 0 | L65: =(D65/JUNIO!$R$51)*100 -> 0 | M65: =(E65/JUNIO!$R$51)*100 -> 0 | N65: =(F65/JUNIO!$R$51)*100 -> 0 | O65: =SUM(J65:N65)/100 -> 0
A66: Julio | B66: =+JULIO!B66 -> 0 | C66: =+JULIO!C66 -> 0 | D66: =+JULIO!D66 -> 0 | E66: =+JULIO!E66 -> 0 | F66: =+JULIO!F66 -> 0 | G66: =SUM(B66:F66) -> 0 | I66: Julio | J66: =(B66/JULIO!$R$51)*100 -> 0 | K66: =(C66/JULIO!$R$51)*100 -> 0 | L66: =(D66/JULIO!$R$51)*100 -> 0 | M66: =(E66/JULIO!$R$51)*100 -> 0 | N66: =(F66/JULIO!$R$51)*100 -> 0 | O66: =SUM(J66:N66)/100 -> 0
A67: Agosto | G67: =SUM(B67:F67) -> 0 | I67: Agosto | J67: =(B67/$R$51)*100 -> 0 | K67: =(C67/$R$51)*100 -> 0 | L67: =(D67/$R$51)*100 -> 0 | M67: =(E67/$R$51)*100 -> 0 | N67: =(F67/$R$51)*100 -> 0 | O67: =SUM(J67:N67)/100 -> 0
I70: IDD: Indicador de destinacion desactivacion de alta eficiencia
I71: IDR: Indicador de destinacion para reciclaje
I72: IDI: Indicador de destinacion para incineracion
I73: IDRS: Indicador de destinacion para relleno sanitario

Sheet SEPTIEMBRE
D1: FORMATO REGISTRO ANUAL DE GENERACION DE RESIDUOS GENERADOS EN LA ATENCION EN SALUD Y OTRAS ACTIVIDADES
A7: 1. Nombre de la institucion: | K7: 6. Correo Electronico
A8: 2. Ciudad | K8: 7. Responsable del diligenciamiento
A9: 3. Departamento | K9: 8. Cargo
A10: 4. Direccion | K10: 9. Mes:
A11: 5. Telefono
A14: CONSOLIDACION RESIDUOS POR DTS
B16: 10 | C16: 11 | D16: 12 | E16: 13 | F16: 14 | G16: 15 | H16: 16 | I16: 17 | J16: 18 | K16: 19 | L16: 20 | M16: 21 | N16: 22 | O16: 23 | P16: 24 | Q16: 25 | R16: 26
A17: DÍA | B17: RESIDUOS NO PELIGROS | E17: Subtotal Residuos no peligrosos | F17: RESIDUOS PELIGROSOS | Q17: Subtotal Residuos Peligrosos | R17: TOTAL
F18: INFECCIOSO O RIESGO BIOLOGICO | J18: Subtotal residuos de riesgo biologico o infeccioso | K18: OTROS RESIDUOS CON LAS SIGUIENTES CARACTERISTICAS | P18: Subtotal otros residuos
B19: BIODEGRADABLES (KG/AÑO) | C19: RECICLABLES (KG/AÑO) | D19: ORDINARIOS (KG/AÑO) | F19: BIOSANITARIOS (KG/AÑO) | G19: ANATOMOPATOLOGICOS (KG/AÑO) | H19: CORTOPUNZANTES (KG/AÑO) | I19: ANIMALES (KG/AÑO) | K19: CORROSIVA (KG/AÑO) | L19: EXPLOSIVO (KG/AÑO) | M19: TOXICO (KG/AÑO) | N19: INFLAMABLE (KG/AÑO) | O19: REACTIVO (KG/AÑO)
B20: 1 | C20: 2 | D20: 3 | E20: =SUM(B20:D20) -> 6 | F20: 4 | G20: 5 | H20: 6 | I20: 7 | J20: =SUM(F20:I20) -> 22 | K20: 8 | L20: 9 | M20: 0 | N20: 1 | O20: 2 | P20: =SUM(K20:O20) -> 20 | Q20: =J20+P20 -> 42 | R20: =SUM(B20:O20) -> 76
E21: =SUM(B21:D21) -> 0 | J21: =SUM(F21:I21) -> 0 | P21: =SUM(K21:O21) -> 0 | Q21: =J21+P21 -> 0 | R21: =SUM(B21:O21) -> 0
E22: =SUM(B22:D22) -> 0 | J22: =SUM(F22:I22) -> 0 | P22: =SUM(K22:O22) -> 0 | Q22: =J22+P22 -> 0 | R22: =SUM(B22:O22) -> 0
E23: =SUM(B23:D23) -> 0 | J23: =SUM(F23:I23) -> 0 | P23: =SUM(K23:O23) -> 0 | Q23: =J23+P23 -> 0 | R23: =SUM(B23:O23) -> 0
E24: =SUM(B24:D24) -> 0 | J24: =SUM(F24:I24) -> 0 | P24: =SUM(K24:O24) -> 0 | Q24: =J24+P24 -> 0 | R24: =SUM(B24:O24) -> 0
E25: =SUM(B25:D25) -> 0 | J25: =SUM(F25:I25) -> 0 | P25: =SUM(K25:O25) -> 0 | Q25: =J25+P25 -> 0 | R25: =SUM(B25:O25) -> 0
E26: =SUM(B26:D26) -> 0 | J26: =SUM(F26:I26) -> 0 | P26: =SUM(K26:O26) -> 0 | Q26: =J26+P26 -> 0 | R26: =SUM(B26:O26) -> 0
E27: =SUM(B27:D27) -> 0 | J27: =SUM(F27:I27) -> 0 | P27: =SUM(K27:O27) -> 0 | Q27: =J27+P27 -> 0 | R27: =SUM(B27:O27) -> 0
E28: =SUM(B28:D28) -> 0 | J28: =SUM(F28:I28) -> 0 | P28: =SUM(K28:O28) -> 0 | Q28: =J28+P28 -> 0 | R28: =SUM(B28:O28) -> 0
E29: =SUM(B29:D29) -> 0 | J29: =SUM(F29:I29) -> 0 | P29: =SUM(K29:O29) -> 0 | Q29: =J29+P29 -> 0 | R29: =SUM(B29:O29) -> 0
E30: =SUM(B30:D30) -> 0 | J30: =SUM(F30:I30) -> 0 | P30: =SUM(K30:O30) -> 0 | Q30: =J30+P30 -> 0 | R30: =SUM(B30:O30) -> 0
E31: =SUM(B31:D31) -> 0 | J31: =SUM(F31:I31) -> 0 | P31: =SUM(K31:O31) -> 0 | Q31: =J31+P31 -> 0 | R31: =SUM(B31:O31) -> 0
E32: =SUM(B32:D32) -> 0 | J32: =SUM(F32:I32) -> 0 | P32: =SUM(K32:O32) -> 0 | Q32: =J32+P32 -> 0 | R32: =SUM(B32:O32) -> 0
... E50: =SUM(B50:D50) -> 0 | J50: =SUM(F50:I50) -> 0 | P50: =SUM(K50:O50) -> 0 | Q50: =J50+P50 -> 0 | R50: =SUM(B50:O50) -> 0
A51: TOTAL | B51: =SUM(B20:B50) -> 1 | C51: =SUM(C20:C50) -> 2 | D51: =SUM(D20:D50) -> 3 | E51: =SUM(E20:E50) -> 6 | F51: =SUM(F20:F50) -> 4 | G51: =SUM(G20:G50) -> 5 | H51: =SUM(H20:H50) -> 6 | I51: =SUM(I20:I50) -> 7 | ... R51: =SUM(R20:R50) -> 76
A54: INDICADORES DE DESTINACION
B57: 27 | C57: 29 | D57: 29 | E57: 30 | F57: 31 | G57: 32 | J57: 33
A58: AÑO | B58: DESTINACIÓN DE RESIDUOS | G58: TOTAL | I58: MES | K58: INDICADORES DE DESTINACIÓN % | O58: INDICADOR TOTAL (%)
B59: DESACTIVACION (KG/AÑO) | C59: RECICLAJE (KG/AÑO) | D59: INCINERACIÓN (KG/AÑO) | E59: RELLENO SANITARIO (KG/AÑO) | F59: OTROS SISTEMAS DE DISPOSICION FINAL | J59: IDD | K59: IDR | L59: IDI | M59: IDRS | N59: IDOS
A60: Enero | B60: =+ENERO!B60 -> 0 | C60: =+ENERO!C60 -> 0 | D60: =+ENERO!D60 -> 0 | E60: =+ENERO!E60 -> 0 | F60: =+ENERO!F60 -> 0 | G60: =SUM(B60:F60) -> 0 | I60: Enero | J60: =(B60/ENERO!$R$51)*100 -> 0 | K60: =(C60/ENERO!$R$51)*100 -> 0 | L60: =(D60/ENERO!$R$51)*100 -> 0 | M60: =(E60/ENERO!$R$51)*100 -> 0 | N60: =(F60/ENERO!$R$51)*100 -> 0 | O60: =SUM(J60:N60)/100 -> 0
A61: Febrero | B61: =+FEBRERO!B61 -> 0 | C61: =+FEBRERO!C61 -> 0 | D61: =+FEBRERO!D61 -> 0 | E61: =+FEBRERO!E61 -> 0 | F61: =+FEBRERO!F61 -> 0 | G61: =SUM(B61:F61) -> 0 | I61: Febrero | J61: =(B61/FEBRERO!$R$51)*100 -> 0 | K61: =(C61/FEBRERO!$R$51)*100 -> 0 | L61: =(D61/FEBRERO!$R$51)*100 -> 0 | M61: =(E61/FEBRERO!$R$51)*100 -> 0 | N61: =(F61/FEBRERO!$R$51)*100 -> 0 | O61: =SUM(J61:N61)/100 -> 0
A62: Marzo | B62: =+MARZO!B62 -> 0 | C62: =+MARZO!C62 -> 0 | D62: =+MARZO!D62 -> 0 | E62: =+MARZO!E62 -> 0 | F62: =+MARZO!F62 -> 0 | G62: =SUM(B62:F62) -> 0 | I62: Marzo | J62: =(B62/MARZO!$R$51)*100 -> 0 | K62: =(C62/MARZO!$R$51)*100 -> 0 | L62: =(D62/MARZO!$R$51)*100 -> 0 | M62: =(E62/MARZO!$R$51)*100 -> 0 | N62: =(F62/MARZO!$R$51)*100 -> 0 | O62: =SUM(J62:N62)/100 -> 0
A63: Abril | B63: =+ABRIL!B63 -> 0 | C63: =+ABRIL!C63 -> 0 | D63: =+ABRIL!D63 -> 0 | E63: =+ABRIL!E63 -> 0 | F63: =+ABRIL!F63 -> 0 | G63: =SUM(B63:F63) -> 0 | I63: Abril | J63: =(B63/ABRIL!$R$51)*100 -> 0 | K63: =(C63/ABRIL!$R$51)*100 -> 0 | L63: =(D63/ABRIL!$R$51)*100 -> 0 | M63: =(E63/ABRIL!$R$51)*100 -> 0 | N63: =(F63/ABRIL!$R$51)*100 -> 0 | O63: =SUM(J63:N63)/100 -> 0
A64: Mayo | B64: =+MAYO!B64 -> 0 | C64: =+MAYO!C64 -> 0 | D64: =+MAYO!D64 -> 0 | E64: =+MAYO!E64 -> 0 | F64: =+MAYO!F64 -> 0 | G64: =SUM(B64:F64) -> 0 | I64: Mayo | J64: =(B64/MAYO!$R$51)*100 -> 0 | K64: =(C64/MAYO!$R$51)*100 -> 0 | L64: =(D64/MAYO!$R$51)*100 -> 0 | M64: =(E64/MAYO!$R$51)*100 -> 0 | N64: =(F64/MAYO!$R$51)*100 -> 0 | O64: =SUM(J64:N64)/100 -> 0
A65: Junio | B65: =+JUNIO!B65 -> 0 | C65: =+JUNIO!C65 -> 0 | D65: =+JUNIO!D65 -> 0 | E65: =+JUNIO!E65 -> 0 | F65: =+JUNIO!F65 -> 0 | G65: =SUM(B65:F65) -> 0 | I65: Junio | J65: =(B65/JUNIO!$R$51)*100 -> 0 | K65: =(C65/JUNIO!$R$51)*100 -> 0 | L65: =(D65/JUNIO!$R$51)*100 -> 0 | M65: =(E65/JUNIO!$R$51)*100 -> 0 | N65: =(F65/JUNIO!$R$51)*100 -> 0 | O65: =SUM(J65:N65)/100 -> 0
A66: Julio | B66: =+JULIO!B66 -> 0 | C66: =+JULIO!C66 -> 0 | D66: =+JULIO!D66 -> 0 | E66: =+JULIO!E66 -> 0 | F66: =+JULIO!F66 -> 0 | G66: =SUM(B66:F66) -> 0 | I66: Julio | J66: =(B66/JULIO!$R$51)*100 -> 0 | K66: =(C66/JULIO!$R$51)*100 -> 0 | L66: =(D66/JULIO!$R$51)*100 -> 0 | M66: =(E66/JULIO!$R$51)*100 -> 0 | N66: =(F66/JULIO!$R$51)*100 -> 0 | O66: =SUM(J66:N66)/100 -> 0
A67: Agosto | B67: =+AGOSTO!B67 -> 0 | C67: =+AGOSTO!C67 -> 0 | D67: =+AGOSTO!D67 -> 0 | E67: =+AGOSTO!E67 -> 0 | F67: =+AGOSTO!F67 -> 0 | G67: =SUM(B67:F67) -> 0 | I67: Agosto | J67: =(B67/AGOSTO!$R$51)*100 -> 0 | K67: =(C67/AGOSTO!$R$51)*100 -> 0 | L67: =(D67/AGOSTO!$R$51)*100 -> 0 | M67: =(E67/AGOSTO!$R$51)*100 -> 0 | N67: =(F67/AGOSTO!$R$51)*100 -> 0 | O67: =SUM(J67:N67)/100 -> 0
A68: Septiembre | G68: =SUM(B68:F68) -> 0 | I68: Septiembre | J68: =(B68/$R$51)*100 -> 0 | K68: =(C68/$R$51)*100 -> 0 | L68: =(D68/$R$51)*100 -> 0 | M68: =(E68/$R$51)*100 -> 0 | N68: =(F68/$R$51)*100 -> 0 | O68: =SUM(J68:N68)/100 -> 0
I71: IDD: Indicador de destinacion desactivacion de alta eficiencia
I72: IDR: Indicador de destinacion para reciclaje
I73: IDI: Indicador de destinacion para incineracion
I74: IDRS: Indicador de destinacion para relleno sanitario

Sheet OCTUBRE
D1: FORMATO REGISTRO ANUAL DE GENERACION DE RESIDUOS GENERADOS EN LA ATENCION EN SALUD Y OTRAS ACTIVIDADES
A7: 1. Nombre de la institucion: | K7: 6. Correo Electronico
A8: 2. Ciudad | K8: 7. Responsable del diligenciamiento
A9: 3. Departamento | K9: 8. Cargo
A10: 4. Direccion | K10: 9. Mes:
A11: 5. Telefono
A14: CONSOLIDACION RESIDUOS POR DTS
B16: 10 | C16: 11 | D16: 12 | E16: 13 | F16: 14 | G16: 15 | H16: 16 | I16: 17 | J16: 18 | K16: 19 | L16: 20 | M16: 21 | N16: 22 | O16: 23 | P16: 24 | Q16: 25 | R16: 26
A17: DÍA | B17: RESIDUOS NO PELIGROS | E17: Subtotal Residuos no peligrosos | F17: RESIDUOS PELIGROSOS | Q17: Subtotal Residuos Peligrosos | R17: TOTAL
F18: INFECCIOSO O RIESGO BIOLOGICO | J18: Subtotal residuos de riesgo biologico o infeccioso | K18: OTROS RESIDUOS CON LAS SIGUIENTES CARACTERISTICAS | P18: Subtotal otros residuos
B19: BIODEGRADABLES (KG/AÑO) | C19: RECICLABLES (KG/AÑO) | D19: ORDINARIOS (KG/AÑO) | F19: BIOSANITARIOS (KG/AÑO) | G19: ANATOMOPATOLOGICOS (KG/AÑO) | H19: CORTOPUNZANTES (KG/AÑO) | I19: ANIMALES (KG/AÑO) | K19: CORROSIVA (KG/AÑO) | L19: EXPLOSIVO (KG/AÑO) | M19: TOXICO (KG/AÑO) | N19: INFLAMABLE (KG/AÑO) | O19: REACTIVO (KG/AÑO)
B20: 1 | C20: 2 | D20: 3 | E20: =SUM(B20:D20) -> 6 | F20: 4 | G20: 5 | H20: 6 | I20: 7 | J20: =SUM(F20:I20) -> 22 | K20: 8 | L20: 9 | M20: 0 | N20: 1 | O20: 2 | P20: =SUM(K20:O20) -> 20 | Q20: =J20+P20 -> 42 | R20: =SUM(B20:O20) -> 76
E21: =SUM(B21:D21) -> 0 | J21: =SUM(F21:I21) -> 0 | P21: =SUM(K21:O21) -> 0 | Q21: =J21+P21 -> 0 | R21: =SUM(B21:O21) -> 0
E22: =SUM(B22:D22) -> 0 | J22: =SUM(F22:I22) -> 0 | P22: =SUM(K22:O22) -> 0 | Q22: =J22+P22 -> 0 | R22: =SUM(B22:O22) -> 0
E23: =SUM(B23:D23) -> 0 | J23: =SUM(F23:I23) -> 0 | P23: =SUM(K23:O23) -> 0 | Q23: =J23+P23 -> 0 | R23: =SUM(B23:O23) -> 0
E24: =SUM(B24:D24) -> 0 | J24: =SUM(F24:I24) -> 0 | P24: =SUM(K24:O24) -> 0 | Q24: =J24+P24 -> 0 | R24: =SUM(B24:O24) -> 0
E25: =SUM(B25:D25) -> 0 | J25: =SUM(F25:I25) -> 0 | P25: =SUM(K25:O25) -> 0 | Q25: =J25+P25 -> 0 | R25: =SUM(B25:O25) -> 0
E26: =SUM(B26:D26) -> 0 | J26: =SUM(F26:I26) -> 0 | P26: =SUM(K26:O26) -> 0 | Q26: =J26+P26 -> 0 | R26: =SUM(B26:O26) -> 0
E27: =SUM(B27:D27) -> 0 | J27: =SUM(F27:I27) -> 0 | P27: =SUM(K27:O27) -> 0 | Q27: =J27+P27 -> 0 | R27: =SUM(B27:O27) -> 0
E28: =SUM(B28:D28) -> 0 | J28: =SUM(F28:I28) -> 0 | P28: =SUM(K28:O28) -> 0 | Q28: =J28+P28 -> 0 | R28: =SUM(B28:O28) -> 0
E29: =SUM(B29:D29) -> 0 | J29: =SUM(F29:I29) -> 0 | P29: =SUM(K29:O29) -> 0 | Q29: =J29+P29 -> 0 | R29: =SUM(B29:O29) -> 0
E30: =SUM(B30:D30) -> 0 | J30: =SUM(F30:I30) -> 0 | P30: =SUM(K30:O30) -> 0 | Q30: =J30+P30 -> 0 | R30: =SUM(B30:O30) -> 0
E31: =SUM(B31:D31) -> 0 | J31: =SUM(F31:I31) -> 0 | P31: =SUM(K31:O31) -> 0 | Q31: =J31+P31 -> 0 | R31: =SUM(B31:O31) -> 0
E32: =SUM(B32:D32) -> 0 | J32: =SUM(F32:I32) -> 0 | P32: =SUM(K32:O32) -> 0 | Q32: =J32+P32 -> 0 | R32: =SUM(B32:O32) -> 0
... E40: =SUM(B40:D40) -> 0 | J40: =SUM(F40:I40) -> 0 | P40: =SUM(K40:O40) -> 0 | Q40: =J40+P40 -> 0 | R40: =SUM(B40:O40) -> 0
D41: 5 | E41: =SUM(B41:D41) -> 5 | J41: =SUM(F41:I41) -> 0 | P41: =SUM(K41:O41) -> 0 | Q41: =J41+P41 -> 0 | R41: =SUM(B41:O41) -> 10
E42: =SUM(B42:D42) -> 0 | J42: =SUM(F42:I42) -> 0 | P42: =SUM(K42:O42) -> 0 | Q42: =J42+P42 -> 0 | R42: =SUM(B42:O42) -> 0
E43: =SUM(B43:D43) -> 0 | J43: =SUM(F43:I43) -> 0 | P43: =SUM(K43:O43) -> 0 | Q43: =J43+P43 -> 0 | R43: =SUM(B43:O43) -> 0
E44: =SUM(B44:D44) -> 0 | J44: =SUM(F44:I44) -> 0 | P44: =SUM(K44:O44) -> 0 | Q44: =J44+P44 -> 0 | R44: =SUM(B44:O44) -> 0
E45: =SUM(B45:D45) -> 0 | J45: =SUM(F45:I45) -> 0 | P45: =SUM(K45:O45) -> 0 | Q45: =J45+P45 -> 0 | R45: =SUM(B45:O45) -> 0
E46: =SUM(B46:D46) -> 0 | J46: =SUM(F46:I46) -> 0 | P46: =SUM(K46:O46) -> 0 | Q46: =J46+P46 -> 0 | R46: =SUM(B46:O46) -> 0
E47: =SUM(B47:D47) -> 0 | J47: =SUM(F47:I47) -> 0 | P47: =SUM(K47:O47) -> 0 | Q47: =J47+P47 -> 0 | R47: =SUM(B47:O47) -> 0
E48: =SUM(B48:D48) -> 0 | J48: =SUM(F48:I48) -> 0 | P48: =SUM(K48:O48) -> 0 | Q48: =J48+P48 -> 0 | R48: =SUM(B48:O48) -> 0
E49: =SUM(B49:D49) -> 0 | J49: =SUM(F49:I49) -> 0 | P49: =SUM(K49:O49) -> 0 | Q49: =J49+P49 -> 0 | R49: =SUM(B49:O49) -> 0
E50: =SUM(B50:D50) -> 0 | J50: =SUM(F50:I50) -> 0 | P50: =SUM(K50:O50) -> 0 | Q50: =J50+P50 -> 0 | R50: =SUM(B50:O50) -> 0
A51: TOTAL | B51: =SUM(B20:B50) -> 1 | C51: =SUM(C20:C50) -> 2 | D51: =SUM(D20:D50) -> 8 | E51: =SUM(E20:E50) -> 11 | F51: =SUM(F20:F50) -> 4 | G51: =SUM(G20:G50) -> 5 | H51: =SUM(H20:H50) -> 6 | I51: =SUM(I20:I50) -> 7 | ... R51: =SUM(R20:R50) -> 86
A54: INDICADORES DE DESTINACION
B57: 27 | C57: 29 | D57: 29 | E57: 30 | F57: 31 | G57: 32 | J57: 33
A58: AÑO | B58: DESTINACIÓN DE RESIDUOS | G58: TOTAL | I58: MES | K58: INDICADORES DE DESTINACIÓN % | O58: INDICADOR TOTAL (%)
B59: DESACTIVACION (KG/AÑO) | C59: RECICLAJE (KG/AÑO) | D59: INCINERACIÓN (KG/AÑO) | E59: RELLENO SANITARIO (KG/AÑO) | F59: OTROS SISTEMAS DE DISPOSICION FINAL | J59: IDD | K59: IDR | L59: IDI | M59: IDRS | N59: IDOS
A60: Enero | B60: =+ENERO!B60 -> 0 | C60: =+ENERO!C60 -> 0 | D60: =+ENERO!D60 -> 0 | E60: =+ENERO!E60 -> 0 | F60: =+ENERO!F60 -> 0 | G60: =SUM(B60:F60) -> 0 | I60: Enero | J60: =(B60/ENERO!$R$51)*100 -> 0 | K60: =(C60/ENERO!$R$51)*100 -> 0 | L60: =(D60/ENERO!$R$51)*100 -> 0 | M60: =(E60/ENERO!$R$51)*100 -> 0 | N60: =(F60/ENERO!$R$51)*100 -> 0 | O60: =SUM(J60:N60)/100 -> 0
A61: Febrero | B61: =+FEBRERO!B61 -> 0 | C61: =+FEBRERO!C61 -> 0 | D61: =+FEBRERO!D61 -> 0 | E61: =+FEBRERO!E61 -> 0 | F61: =+FEBRERO!F61 -> 0 | G61: =SUM(B61:F61) -> 0 | I61: Febrero | J61: =(B61/FEBRERO!$R$51)*100 -> 0 | K61: =(C61/FEBRERO!$R$51)*100 -> 0 | L61: =(D61/FEBRERO!$R$51)*100 -> 0 | M61: =(E61/FEBRERO!$R$51)*100 -> 0 | N61: =(F61/FEBRERO!$R$51)*100 -> 0 | O61: =SUM(J61:N61)/100 -> 0
A62: Marzo | B62: =+MARZO!B62 -> 0 | C62: =+MARZO!C62 -> 0 | D62: =+MARZO!D62 -> 0 | E62: =+MARZO!E62 -> 0 | F62: =+MARZO!F62 -> 0 | G62: =SUM(B62:F62) -> 0 | I62: Marzo | J62: =(B62/MARZO!$R$51)*100 -> 0 | K62: =(C62/MARZO!$R$51)*100 -> 0 | L62: =(D62/MARZO!$R$51)*100 -> 0 | M62: =(E62/MARZO!$R$51)*100 -> 0 | N62: =(F62/MARZO!$R$51)*100 -> 0 | O62: =SUM(J62:N62)/100 -> 0
A63: Abril | B63: =+ABRIL!B63 -> 0 | C63: =+ABRIL!C63 -> 0 | D63: =+ABRIL!D63 -> 0 | E63: =+ABRIL!E63 -> 0 | F63: =+ABRIL!F63 -> 0 | G63: =SUM(B63:F63) -> 0 | I63: Abril | J63: =(B63/ABRIL!$R$51)*100 -> 0 | K63: =(C63/ABRIL!$R$51)*100 -> 0 | L63: =(D63/ABRIL!$R$51)*100 -> 0 | M63: =(E63/ABRIL!$R$51)*100 -> 0 | N63: =(F63/ABRIL!$R$51)*100 -> 0 | O63: =SUM(J63:N63)/100 -> 0
A64: Mayo | B64: =+MAYO!B64 -> 0 | C64: =+MAYO!C64 -> 0 | D64: =+MAYO!D64 -> 0 | E64: =+MAYO!E64 -> 0 | F64: =+MAYO!F64 -> 0 | G64: =SUM(B64:F64) -> 0 | I64: Mayo | J64: =(B64/MAYO!$R$51)*100 -> 0 | K64: =(C64/MAYO!$R$51)*100 -> 0 | L64: =(D64/MAYO!$R$51)*100 -> 0 | M64: =(E64/MAYO!$R$51)*100 -> 0 | N64: =(F64/MAYO!$R$51)*100 -> 0 | O64: =SUM(J64:N64)/100 -> 0
A65: Junio | B65: =+JUNIO!B65 -> 0 | C65: =+JUNIO!C65 -> 0 | D65: =+JUNIO!D65 -> 0 | E65: =+JUNIO!E65 -> 0 | F65: =+JUNIO!F65 -> 0 | G65: =SUM(B65:F65) -> 0 | I65: Junio | J65: =(B65/JUNIO!$R$51)*100 -> 0 | K65: =(C65/JUNIO!$R$51)*100 -> 0 | L65: =(D65/JUNIO!$R$51)*100 -> 0 | M65: =(E65/JUNIO!$R$51)*100 -> 0 | N65: =(F65/JUNIO!$R$51)*100 -> 0 | O65: =SUM(J65:N65)/100 -> 0
A66: Julio | B66: =+JULIO!B66 -> 0 | C66: =+JULIO!C66 -> 0 | D66: =+JULIO!D66 -> 0 | E66: =+JULIO!E66 -> 0 | F66: =+JULIO!F66 -> 0 | G66: =SUM(B66:F66) -> 0 | I66: Julio | J66: =(B66/JULIO!$R$51)*100 -> 0 | K66: =(C66/JULIO!$R$51)*100 -> 0 | L66: =(D66/JULIO!$R$51)*100 -> 0 | M66: =(E66/JULIO!$R$51)*100 -> 0 | N66: =(F66/JULIO!$R$51)*100 -> 0 | O66: =SUM(J66:N66)/100 -> 0
A67: Agosto | B67: =+AGOSTO!B67 -> 0 | C67: =+AGOSTO!C67 -> 0 | D67: =+AGOSTO!D67 -> 0 | E67: =+AGOSTO!E67 -> 0 | F67: =+AGOSTO!F67 -> 0 | G67: =SUM(B67:F67) -> 0 | I67: Agosto | J67: =(B67/AGOSTO!$R$51)*100 -> 0 | K67: =(C67/AGOSTO!$R$51)*100 -> 0 | L67: =(D67/AGOSTO!$R$51)*100 -> 0 | M67: =(E67/AGOSTO!$R$51)*100 -> 0 | N67: =(F67/AGOSTO!$R$51)*100 -> 0 | O67: =SUM(J67:N67)/100 -> 0
A68: Septiembre | B68: =+SEPTIEMBRE!B68 -> 0 | C68: =+SEPTIEMBRE!C68 -> 0 | D68: =+SEPTIEMBRE!D68 -> 0 | E68: =+SEPTIEMBRE!E68 -> 0 | F68: =+SEPTIEMBRE!F68 -> 0 | G68: =SUM(B68:F68) -> 0 | I68: Septiembre | J68: =(B68/SEPTIEMBRE!$R$51)*100 -> 0 | K68: =(C68/SEPTIEMBRE!$R$51)*100 -> 0 | L68: =(D68/SEPTIEMBRE!$R$51)*100 -> 0 | M68: =(E68/SEPTIEMBRE!$R$51)*100 -> 0 | N68: =(F68/SEPTIEMBRE!$R$51)*100 -> 0 | O68: =SUM(J68:N68)/100 -> 0
A69: Octubre | G69: =SUM(B69:F69) -> 0 | I69: Octubre | J69: =(B69/$R$51)*100 -> 0 | K69: =(C69/$R$51)*100 -> 0 | L69: =(D69/$R$51)*100 -> 0 | M69: =(E69/$R$51)*100 -> 0 | N69: =(F69/$R$51)*100 -> 0 | O69: =SUM(J69:N69)/100 -> 0
I72: IDD: Indicador de destinacion desactivacion de alta eficiencia
I73: IDR: Indicador de destinacion para reciclaje
I74: IDI: Indicador de destinacion para incineracion
I75: IDRS: Indicador de destinacion para relleno sanitario

Sheet NOVIEMBRE
D1: FORMATO REGISTRO ANUAL DE GENERACION DE RESIDUOS GENERADOS EN LA ATENCION EN SALUD Y OTRAS ACTIVIDADES
A7: 1. Nombre de la institucion: | K7: 6. Correo Electronico
A8: 2. Ciudad | K8: 7. Responsable del diligenciamiento
A9: 3. Departamento | K9: 8. Cargo
A10: 4. Direccion | K10: 9. Mes:
A11: 5. Telefono
A14: CONSOLIDACION RESIDUOS POR DTS
B16: 10 | C16: 11 | D16: 12 | E16: 13 | F16: 14 | G16: 15 | H16: 16 | I16: 17 | J16: 18 | K16: 19 | L16: 20 | M16: 21 | N16: 22 | O16: 23 | P16: 24 | Q16: 25 | R16: 26
A17: DÍA | B17: RESIDUOS NO PELIGROS | E17: Subtotal Residuos no peligrosos | F17: RESIDUOS PELIGROSOS | Q17: Subtotal Residuos Peligrosos | R17: TOTAL
F18: INFECCIOSO O RIESGO BIOLOGICO | J18: Subtotal residuos de riesgo biologico o infeccioso | K18: OTROS RESIDUOS CON LAS SIGUIENTES CARACTERISTICAS | P18: Subtotal otros residuos
B19: BIODEGRADABLES (KG/AÑO) | C19: RECICLABLES (KG/AÑO) | D19: ORDINARIOS (KG/AÑO) | F19: BIOSANITARIOS (KG/AÑO) | G19: ANATOMOPATOLOGICOS (KG/AÑO) | H19: CORTOPUNZANTES (KG/AÑO) | I19: ANIMALES (KG/AÑO) | K19: CORROSIVA (KG/AÑO) | L19: EXPLOSIVO (KG/AÑO) | M19: TOXICO (KG/AÑO) | N19: INFLAMABLE (KG/AÑO) | O19: REACTIVO (KG/AÑO)
B20: 1 | C20: 2 | D20: 3 | E20: =SUM(B20:D20) -> 6 | F20: 4 | G20: 5 | H20: 6 | I20: 7 | J20: =SUM(F20:I20) -> 22 | K20: 8 | L20: 9 | M20: 0 | N20: 1 | O20: 2 | P20: =SUM(K20:O20) -> 20 | Q20: =J20+P20 -> 42 | R20: =SUM(B20:O20) -> 76
E21: =SUM(B21:D21) -> 0 | J21: =SUM(F21:I21) -> 0 | P21: =SUM(K21:O21) -> 0 | Q21: =J21+P21 -> 0 | R21: =SUM(B21:O21) -> 0
E22: =SUM(B22:D22) -> 0 | J22: =SUM(F22:I22) -> 0 | P22: =SUM(K22:O22) -> 0 | Q22: =J22+P22 -> 0 | R22: =SUM(B22:O22) -> 0
E23: =SUM(B23:D23) -> 0 | J23: =SUM(F23:I23) -> 0 | P23: =SUM(K23:O23) -> 0 | Q23: =J23+P23 -> 0 | R23: =SUM(B23:O23) -> 0
E24: =SUM(B24:D24) -> 0 | J24: =SUM(F24:I24) -> 0 | P24: =SUM(K24:O24) -> 0 | Q24: =J24+P24 -> 0 | R24: =SUM(B24:O24) -> 0
E25: =SUM(B25:D25) -> 0 | J25: =SUM(F25:I25) -> 0 | P25: =SUM(K25:O25) -> 0 | Q25: =J25+P25 -> 0 | R25: =SUM(B25:O25) -> 0
E26: =SUM(B26:D26) -> 0 | J26: =SUM(F26:I26) -> 0 | P26: =SUM(K26:O26) -> 0 | Q26: =J26+P26 -> 0 | R26: =SUM(B26:O26) -> 0
E27: =SUM(B27:D27) -> 0 | J27: =SUM(F27:I27) -> 0 | P27: =SUM(K27:O27) -> 0 | Q27: =J27+P27 -> 0 | R27: =SUM(B27:O27) -> 0
E28: =SUM(B28:D28) -> 0 | J28: =SUM(F28:I28) -> 0 | P28: =SUM(K28:O28) -> 0 | Q28: =J28+P28 -> 0 | R28: =SUM(B28:O28) -> 0
E29: =SUM(B29:D29) -> 0 | J29: =SUM(F29:I29) -> 0 | P29: =SUM(K29:O29) -> 0 | Q29: =J29+P29 -> 0 | R29: =SUM(B29:O29) -> 0
E30: =SUM(B30:D30) -> 0 | J30: =SUM(F30:I30) -> 0 | P30: =SUM(K30:O30) -> 0 | Q30: =J30+P30 -> 0 | R30: =SUM(B30:O30) -> 0
E31: =SUM(B31:D31) -> 0 | J31: =SUM(F31:I31) -> 0 | P31: =SUM(K31:O31) -> 0 | Q31: =J31+P31 -> 0 | R31: =SUM(B31:O31) -> 0
E32: =SUM(B32:D32) -> 0 | J32: =SUM(F32:I32) -> 0 | P32: =SUM(K32:O32) -> 0 | Q32: =J32+P32 -> 0 | R32: =SUM(B32:O32) -> 0
... E50: =SUM(B50:D50) -> 0 | J50: =SUM(F50:I50) -> 0 | P50: =SUM(K50:O50) -> 0 | Q50: =J50+P50 -> 0 | R50: =SUM(B50:O50) -> 0
A51: TOTAL | B51: =SUM(B20:B50) -> 1 | C51: =SUM(C20:C50) -> 2 | D51: =SUM(D20:D50) -> 3 | E51: =SUM(E20:E50) -> 6 | F51: =SUM(F20:F50) -> 4 | G51: =SUM(G20:G50) -> 5 | H51: =SUM(H20:H50) -> 6 | I51: =SUM(I20:I50) -> 7 | ... R51: =SUM(R20:R50) -> 76
A54: INDICADORES DE DESTINACION
B57: 27 | C57: 29 | D57: 29 | E57: 30 | F57: 31 | G57: 32 | J57: 33
A58: AÑO | B58: DESTINACIÓN DE RESIDUOS | G58: TOTAL | I58: MES | K58: INDICADORES DE DESTINACIÓN % | O58: INDICADOR TOTAL (%)
B59: DESACTIVACION (KG/AÑO) | C59: RECICLAJE (KG/AÑO) | D59: INCINERACIÓN (KG/AÑO) | E59: RELLENO SANITARIO (KG/AÑO) | F59: OTROS SISTEMAS DE DISPOSICION FINAL | J59: IDD | K59: IDR | L59: IDI | M59: IDRS | N59: IDOS
A60: Enero | B60: =+ENERO!B60 -> 0 | C60: =+ENERO!C60 -> 0 | D60: =+ENERO!D60 -> 0 | E60: =+ENERO!E60 -> 0 | F60: =+ENERO!F60 -> 0 | G60: =SUM(B60:F60) -> 0 | I60: Enero | J60: =(B60/ENERO!$R$51)*100 -> 0 | K60: =(C60/ENERO!$R$51)*100 -> 0 | L60: =(D60/ENERO!$R$51)*100 -> 0 | M60: =(E60/ENERO!$R$51)*100 -> 0 | N60: =(F60/ENERO!$R$51)*100 -> 0 | O60: =SUM(J60:N60)/100 -> 0
A61: Febrero | B61: =+FEBRERO!B61 -> 0 | C61: =+FEBRERO!C61 -> 0 | D61: =+FEBRERO!D61 -> 0 | E61: =+FEBRERO!E61 -> 0 | F61: =+FEBRERO!F61 -> 0 | G61: =SUM(B61:F61) -> 0 | I61: Febrero | J61: =(B61/FEBRERO!$R$51)*100 -> 0 | K61: =(C61/FEBRERO!$R$51)*100 -> 0 | L61: =(D61/FEBRERO!$R$51)*100 -> 0 | M61: =(E61/FEBRERO!$R$51)*100 -> 0 | N61: =(F61/FEBRERO!$R$51)*100 -> 0 | O61: =SUM(J61:N61)/100 -> 0
A62: Marzo | B62: =+MARZO!B62 -> 0 | C62: =+MARZO!C62 -> 0 | D62: =+MARZO!D62 -> 0 | E62: =+MARZO!E62 -> 0 | F62: =+MARZO!F62 -> 0 | G62: =SUM(B62:F62) -> 0 | I62: Marzo | J62: =(B62/MARZO!$R$51)*100 -> 0 | K62: =(C62/MARZO!$R$51)*100 -> 0 | L62: =(D62/MARZO!$R$51)*100 -> 0 | M62: =(E62/MARZO!$R$51)*100 -> 0 | N62: =(F62/MARZO!$R$51)*100 -> 0 | O62: =SUM(J62:N62)/100 -> 0
A63: Abril | B63: =+ABRIL!B63 -> 0 | C63: =+ABRIL!C63 -> 0 | D63: =+ABRIL!D63 -> 0 | E63: =+ABRIL!E63 -> 0 | F63: =+ABRIL!F63 -> 0 | G63: =SUM(B63:F63) -> 0 | I63: Abril | J63: =(B63/ABRIL!$R$51)*100 -> 0 | K63: =(C63/ABRIL!$R$51)*100 -> 0 | L63: =(D63/ABRIL!$R$51)*100 -> 0 | M63: =(E63/ABRIL!$R$51)*100 -> 0 | N63: =(F63/ABRIL!$R$51)*100 -> 0 | O63: =SUM(J63:N63)/100 -> 0
A64: Mayo | B64: =+MAYO!B64 -> 0 | C64: =+MAYO!C64 -> 0 | D64: =+MAYO!D64 -> 0 | E64: =+MAYO!E64 -> 0 | F64: =+MAYO!F64 -> 0 | G64: =SUM(B64:F64) -> 0 | I64: Mayo | J64: =(B64/MAYO!$R$51)*100 -> 0 | K64: =(C64/MAYO!$R$51)*100 -> 0 | L64: =(D64/MAYO!$R$51)*100 -> 0 | M64: =(E64/MAYO!$R$51)*100 -> 0 | N64: =(F64/MAYO!$R$51)*100 -> 0 | O64: =SUM(J64:N64)/100 -> 0
A65: Junio | B65: =+JUNIO!B65 -> 0 | C65: =+JUNIO!C65 -> 0 | D65: =+JUNIO!D65 -> 0 | E65: =+JUNIO!E65 -> 0 | F65: =+JUNIO!F65 -> 0 | G65: =SUM(B65:F65) -> 0 | I65: Junio | J65: =(B65/JUNIO!$R$51)*100 -> 0 | K65: =(C65/JUNIO!$R$51)*100 -> 0 | L65: =(D65/JUNIO!$R$51)*100 -> 0 | M65: =(E65/JUNIO!$R$51)*100 -> 0 | N65: =(F65/JUNIO!$R$51)*100 -> 0 | O65: =SUM(J65:N65)/100 -> 0
A66: Julio | B66: =+JULIO!B66 -> 0 | C66: =+JULIO!C66 -> 0 | D66: =+JULIO!D66 -> 0 | E66: =+JULIO!E66 -> 0 | F66: =+JULIO!F66 -> 0 | G66: =SUM(B66:F66) -> 0 | I66: Julio | J66: =(B66/JULIO!$R$51)*100 -> 0 | K66: =(C66/JULIO!$R$51)*100 -> 0 | L66: =(D66/JULIO!$R$51)*100 -> 0 | M66: =(E66/JULIO!$R$51)*100 -> 0 | N66: =(F66/JULIO!$R$51)*100 -> 0 | O66: =SUM(J66:N66)/100 -> 0
A67: Agosto | B67: =+AGOSTO!B67 -> 0 | C67: =+AGOSTO!C67 -> 0 | D67: =+AGOSTO!D67 -> 0 | E67: =+AGOSTO!E67 -> 0 | F67: =+AGOSTO!F67 -> 0 | G67: =SUM(B67:F67) -> 0 | I67: Agosto | J67: =(B67/AGOSTO!$R$51)*100 -> 0 | K67: =(C67/AGOSTO!$R$51)*100 -> 0 | L67: =(D67/AGOSTO!$R$51)*100 -> 0 | M67: =(E67/AGOSTO!$R$51)*100 -> 0 | N67: =(F67/AGOSTO!$R$51)*100 -> 0 | O67: =SUM(J67:N67)/100 -> 0
A68: Septiembre | B68: =+SEPTIEMBRE!B68 -> 0 | C68: =+SEPTIEMBRE!C68 -> 0 | D68: =+SEPTIEMBRE!D68 -> 0 | E68: =+SEPTIEMBRE!E68 -> 0 | F68: =+SEPTIEMBRE!F68 -> 0 | G68: =SUM(B68:F68) -> 0 | I68: Septiembre | J68: =(B68/SEPTIEMBRE!$R$51)*100 -> 0 | K68: =(C68/SEPTIEMBRE!$R$51)*100 -> 0 | L68: =(D68/SEPTIEMBRE!$R$51)*100 -> 0 | M68: =(E68/SEPTIEMBRE!$R$51)*100 -> 0 | N68: =(F68/SEPTIEMBRE!$R$51)*100 -> 0 | O68: =SUM(J68:N68)/100 -> 0
A69: Octubre | B69: =+OCTUBRE!B69 -> 0 | C69: =+OCTUBRE!C69 -> 0 | D69: =+OCTUBRE!D69 -> 0 | E69: =+OCTUBRE!E69 -> 0 | F69: =+OCTUBRE!F69 -> 0 | G69: =SUM(B69:F69) -> 0 | I69: Octubre | J69: =(B69/OCTUBRE!$R$51)*100 -> 0 | K69: =(C69/OCTUBRE!$R$51)*100 -> 0 | L69: =(D69/OCTUBRE!$R$51)*100 -> 0 | M69: =(E69/OCTUBRE!$R$51)*100 -> 0 | N69: =(F69/OCTUBRE!$R$51)*100 -> 0 | O69: =SUM(J69:N69)/100 -> 0
A70: Noviembre | G70: =SUM(B70:F70) -> 0 | I70: Noviembre | J70: =(B70/$R$51)*100 -> 0 | K70: =(C70/$R$51)*100 -> 0 | L70: =(D70/$R$51)*100 -> 0 | M70: =(E70/$R$51)*100 -> 0 | N70: =(F70/$R$51)*100 -> 0 | O70: =SUM(J70:N70)/100 -> 0
I73: IDD: Indicador de destinacion desactivacion de alta eficiencia
I74: IDR: Indicador de destinacion para reciclaje
I75: IDI: Indicador de destinacion para incineracion
I76: IDRS: Indicador de destinacion para relleno sanitario

Sheet DICIEMBRE
D1: FORMATO REGISTRO ANUAL DE GENERACION DE RESIDUOS GENERADOS EN LA ATENCION EN SALUD Y OTRAS ACTIVIDADES
A7: 1. Nombre de la institucion: | K7: 6. Correo Electronico
A8: 2. Ciudad | K8: 7. Responsable del diligenciamiento
A9: 3. Departamento | K9: 8. Cargo
A10: 4. Direccion | K10: 9. Mes:
A11: 5. Telefono
A14: CONSOLIDACION RESIDUOS POR DTS
B16: 10 | C16: 11 | D16: 12 | E16: 13 | F16: 14 | G16: 15 | H16: 16 | I16: 17 | J16: 18 | K16: 19 | L16: 20 | M16: 21 | N16: 22 | O16: 23 | P16: 24 | Q16: 25 | R16: 26
A17: DÍA | B17: RESIDUOS NO PELIGROS | E17: Subtotal Residuos no peligrosos | F17: RESIDUOS PELIGROSOS | Q17: Subtotal Residuos Peligrosos | R17: TOTAL
F18: INFECCIOSO O RIESGO BIOLOGICO | J18: Subtotal residuos de riesgo biologico o infeccioso | K18: OTROS RESIDUOS CON LAS SIGUIENTES CARACTERISTICAS | P18: Subtotal otros residuos
B19: BIODEGRADABLES (KG/AÑO) | C19: RECICLABLES (KG/AÑO) | D19: ORDINARIOS (KG/AÑO) | F19: BIOSANITARIOS (KG/AÑO) | G19: ANATOMOPATOLOGICOS (KG/AÑO) | H19: CORTOPUNZANTES (KG/AÑO) | I19: ANIMALES (KG/AÑO) | K19: CORROSIVA (KG/AÑO) | L19: EXPLOSIVO (KG/AÑO) | M19: TOXICO (KG/AÑO) | N19: INFLAMABLE (KG/AÑO) | O19: REACTIVO (KG/AÑO)
B20: 1 | C20: 2 | D20: 3 | E20: =SUM(B20:D20) -> 6 | F20: 4 | G20: 5 | H20: 6 | I20: 7 | J20: =SUM(F20:I20) -> 22 | K20: 8 | L20: 9 | M20: 0 | N20: 1 | O20: 2 | P20: =SUM(K20:O20) -> 20 | Q20: =J20+P20 -> 42 | R20: =SUM(B20:O20) -> 76
E21: =SUM(B21:D21) -> 0 | J21: =SUM(F21:I21) -> 0 | P21: =SUM(K21:O21) -> 0 | Q21: =J21+P21 -> 0 | R21: =SUM(B21:O21) -> 0
E22: =SUM(B22:D22) -> 0 | J22: =SUM(F22:I22) -> 0 | P22: =SUM(K22:O22) -> 0 | Q22: =J22+P22 -> 0 | R22: =SUM(B22:O22) -> 0
E23: =SUM(B23:D23) -> 0 | J23: =SUM(F23:I23) -> 0 | P23: =SUM(K23:O23) -> 0 | Q23: =J23+P23 -> 0 | R23: =SUM(B23:O23) -> 0
E24: =SUM(B24:D24) -> 0 | J24: =SUM(F24:I24) -> 0 | P24: =SUM(K24:O24) -> 0 | Q24: =J24+P24 -> 0 | R24: =SUM(B24:O24) -> 0
E25: =SUM(B25:D25) -> 0 | J25: =SUM(F25:I25) -> 0 | P25: =SUM(K25:O25) -> 0 | Q25: =J25+P25 -> 0 | R25: =SUM(B25:O25) -> 0
E26: =SUM(B26:D26) -> 0 | J26: =SUM(F26:I26) -> 0 | P26: =SUM(K26:O26) -> 0 | Q26: =J26+P26 -> 0 | R26: =SUM(B26:O26) -> 0
E27: =SUM(B27:D27) -> 0 | J27: =SUM(F27:I27) -> 0 | P27: =SUM(K27:O27) -> 0 | Q27: =J27+P27 -> 0 | R27: =SUM(B27:O27) -> 0
E28: =SUM(B28:D28) -> 0 | J28: =SUM(F28:I28) -> 0 | P28: =SUM(K28:O28) -> 0 | Q28: =J28+P28 -> 0 | R28: =SUM(B28:O28) -> 0
E29: =SUM(B29:D29) -> 0 | J29: =SUM(F29:I29) -> 0 | P29: =SUM(K29:O29) -> 0 | Q29: =J29+P29 -> 0 | R29: =SUM(B29:O29) -> 0
E30: =SUM(B30:D30) -> 0 | J30: =SUM(F30:I30) -> 0 | P30: =SUM(K30:O30) -> 0 | Q30: =J30+P30 -> 0 | R30: =SUM(B30:O30) -> 0
E31: =SUM(B31:D31) -> 0 | J31: =SUM(F31:I31) -> 0 | P31: =SUM(K31:O31) -> 0 | Q31: =J31+P31 -> 0 | R31: =SUM(B31:O31) -> 0
E32: =SUM(B32:D32) -> 0 | J32: =SUM(F32:I32) -> 0 | P32: =SUM(K32:O32) -> 0 | Q32: =J32+P32 -> 0 | R32: =SUM(B32:O32) -> 0
... E50: =SUM(B50:D50) -> 0 | J50: =SUM(F50:I50) -> 0 | P50: =SUM(K50:O50) -> 0 | Q50: =J50+P50 -> 0 | R50: =SUM(B50:O50) -> 0
A51: TOTAL | B51: =SUM(B20:B50) -> 1 | C51: =SUM(C20:C50) -> 2 | D51: =SUM(D20:D50) -> 3 | E51: =SUM(E20:E50) -> 6 | F51: =SUM(F20:F50) -> 4 | G51: =SUM(G20:G50) -> 5 | H51: =SUM(H20:H50) -> 6 | I51: =SUM(I20:I50) -> 7 | ... R51: =SUM(R20:R50) -> 76
A54: INDICADORES DE DESTINACION
B57: 27 | C57: 29 | D57: 29 | E57: 30 | F57: 31 | G57: 32 | J57: 33
A58: AÑO | B58: DESTINACIÓN DE RESIDUOS | G58: TOTAL | I58: MES | K58: INDICADORES DE DESTINACIÓN % | O58: INDICADOR TOTAL (%)
B59: DESACTIVACION (KG/AÑO) | C59: RECICLAJE (KG/AÑO) | D59: INCINERACIÓN (KG/AÑO) | E59: RELLENO SANITARIO (KG/AÑO) | F59: OTROS SISTEMAS DE DISPOSICION FINAL | J59: IDD | K59: IDR | L59: IDI | M59: IDRS | N59: IDOS
A60: Enero | B60: =+ENERO!$B$60 -> 0 | C60: =+ENERO!$C$60 -> 0 | D60: =+ENERO!$D$60 -> 0 | E60: =+ENERO!$E$60 -> 0 | F60: =+ENERO!$F$60 -> 0 | G60: =SUM(B60:F60) -> 0 | I60: Enero | J60: =(B60/ENERO!$R$51)*100 -> 0 | K60: =(C60/ENERO!$R$51)*100 -> 0 | L60: =(D60/ENERO!$R$51)*100 -> 0 | M60: =(E60/ENERO!$R$51)*100 -> 0 | N60: =(F60/ENERO!$R$51)*100 -> 0 | O60: =SUM(J60:N60)/100 -> 0
A61: Febrero | B61: =+FEBRERO!$B$61 -> 0 | C61: =+FEBRERO!$C$61 -> 0 | D61: =+FEBRERO!$D$61 -> 0 | E61: =+FEBRERO!$E$61 -> 0 | F61: =+FEBRERO!$F$61 -> 0 | G61: =SUM(B61:F61) -> 0 | I61: Febrero | J61: =(B61/FEBRERO!$R$51)*100 -> 0 | K61: =(C61/FEBRERO!$R$51)*100 -> 0 | L61: =(D61/FEBRERO!$R$51)*100 -> 0 | M61: =(E61/FEBRERO!$R$51)*100 -> 0 | N61: =(F61/FEBRERO!$R$51)*100 -> 0 | O61: =SUM(J61:N61)/100 -> 0
A62: Marzo | B62: =+MARZO!$B$62 -> 0 | C62: =+MARZO!$C$62 -> 0 | D62: =+MARZO!$D$62 -> 0 | E62: =+MARZO!$E$62 -> 0 | F62: =+MARZO!$F$62 -> 0 | G62: =SUM(B62:F62) -> 0 | I62: Marzo | J62: =(B62/MARZO!$R$51)*100 -> 0 | K62: =(C62/MARZO!$R$51)*100 -> 0 | L62: =(D62/MARZO!$R$51)*100 -> 0 | M62: =(E62/MARZO!$R$51)*100 -> 0 | N62: =(F62/MARZO!$R$51)*100 -> 0 | O62: =SUM(J62:N62)/100 -> 0
A63: Abril | B63: =+ABRIL!$B$63 -> 0 | C63: =+ABRIL!$C$63 -> 0 | D63: =+ABRIL!$D$63 -> 0 | E63: =+ABRIL!$E$63 -> 0 | F63: =+ABRIL!$F$63 -> 0 | G63: =SUM(B63:F63) -> 0 | I63: Abril | J63: =(B63/ABRIL!$R$51)*100 -> 0 | K63: =(C63/ABRIL!$R$51)*100 -> 0 | L63: =(D63/ABRIL!$R$51)*100 -> 0 | M63: =(E63/ABRIL!$R$51)*100 -> 0 | N63: =(F63/ABRIL!$R$51)*100 -> 0 | O63: =SUM(J63:N63)/100 -> 0
A64: Mayo | B64: =+MAYO!$B$64 -> 0 | C64: =+MAYO!$C$64 -> 0 | D64: =+MAYO!$D$64 -> 0 | E64: =+MAYO!$E$64 -> 0 | F64: =+MAYO!$F$64 -> 0 | G64: =SUM(B64:F64) -> 0 | I64: Mayo | J64: =(B64/MAYO!$R$51)*100 -> 0 | K64: =(C64/MAYO!$R$51)*100 -> 0 | L64: =(D64/MAYO!$R$51)*100 -> 0 | M64: =(E64/MAYO!$R$51)*100 -> 0 | N64: =(F64/MAYO!$R$51)*100 -> 0 | O64: =SUM(J64:N64)/100 -> 0
A65: Junio | B65: =+JUNIO!$B$65 -> 0 | C65: =+JUNIO!$C$65 -> 0 | D65: =+JUNIO!$D$65 -> 0 | E65: =+JUNIO!$E$65 -> 0 | F65: =+JUNIO!$F$65 -> 0 | G65: =SUM(B65:F65) -> 0 | I65: Junio | J65: =(B65/JUNIO!$R$51)*100 -> 0 | K65: =(C65/JUNIO!$R$51)*100 -> 0 | L65: =(D65/JUNIO!$R$51)*100 -> 0 | M65: =(E65/JUNIO!$R$51)*100 -> 0 | N65: =(F65/JUNIO!$R$51)*100 -> 0 | O65: =SUM(J65:N65)/100 -> 0
A66: Julio | B66: =+JULIO!$B$66 -> 0 | C66: =+JULIO!$C$66 -> 0 | D66: =+JULIO!$D$66 -> 0 | E66: =+JULIO!$E$66 -> 0 | F66: =+JULIO!$F$66 -> 0 | G66: =SUM(B66:F66) -> 0 | I66: Julio | J66: =(B66/JULIO!$R$51)*100 -> 0 | K66: =(C66/JULIO!$R$51)*100 -> 0 | L66: =(D66/JULIO!$R$51)*100 -> 0 | M66: =(E66/JULIO!$R$51)*100 -> 0 | N66: =(F66/JULIO!$R$51)*100 -> 0 | O66: =SUM(J66:N66)/100 -> 0
A67: Agosto | B67: =+AGOSTO!$B$67 -> 0 | C67: =+AGOSTO!$C$67 -> 0 | D67: =+AGOSTO!$D$67 -> 0 | E67: =+AGOSTO!$E$67 -> 0 | F67: =+AGOSTO!$F$67 -> 0 | G67: =SUM(B67:F67) -> 0 | I67: Agosto | J67: =(B67/AGOSTO!$R$51)*100 -> 0 | K67: =(C67/AGOSTO!$R$51)*100 -> 0 | L67: =(D67/AGOSTO!$R$51)*100 -> 0 | M67: =(E67/AGOSTO!$R$51)*100 -> 0 | N67: =(F67/AGOSTO!$R$51)*100 -> 0 | O67: =SUM(J67:N67)/100 -> 0
A68: Septiembre | B68: =+SEPTIEMBRE!$B$68 -> 0 | C68: =+SEPTIEMBRE!$C$68 -> 0 | D68: =+SEPTIEMBRE!$D$68 -> 0 | E68: =+SEPTIEMBRE!$E$68 -> 0 | F68: =+SEPTIEMBRE!$F$68 -> 0 | G68: =SUM(B68:F68) -> 0 | I68: Septiembre | J68: =(B68/SEPTIEMBRE!$R$51)*100 -> 0 | K68: =(C68/SEPTIEMBRE!$R$51)*100 -> 0 | L68: =(D68/SEPTIEMBRE!$R$51)*100 -> 0 | M68: =(E68/SEPTIEMBRE!$R$51)*100 -> 0 | N68: =(F68/SEPTIEMBRE!$R$51)*100 -> 0 | O68: =SUM(J68:N68)/100 -> 0
A69: Octubre | B69: =+OCTUBRE!$B$69 -> 0 | C69: =+OCTUBRE!$C$69 -> 0 | D69: =+OCTUBRE!$D$69 -> 0 | E69: =+OCTUBRE!$E$69 -> 0 | F69: =+OCTUBRE!$F$69 -> 0 | G69: =SUM(B69:F69) -> 0 | I69: Octubre | J69: =(B69/OCTUBRE!$R$51)*100 -> 0 | K69: =(C69/OCTUBRE!$R$51)*100 -> 0 | L69: =(D69/OCTUBRE!$R$51)*100 -> 0 | M69: =(E69/OCTUBRE!$R$51)*100 -> 0 | N69: =(F69/OCTUBRE!$R$51)*100 -> 0 | O69: =SUM(J69:N69)/100 -> 0
A70: Noviembre | B70: =+NOVIEMBRE!$B$70 -> 0 | C70: =+NOVIEMBRE!$C$70 -> 0 | D70: =+NOVIEMBRE!$D$70 -> 0 | E70: =+NOVIEMBRE!$E$70 -> 0 | F70: =+NOVIEMBRE!$F$70 -> 0 | G70: =SUM(B70:F70) -> 0 | I70: Noviembre | J70: =(B70/NOVIEMBRE!$R$51)*100 -> 0 | K70: =(C70/NOVIEMBRE!$R$51)*100 -> 0 | L70: =(D70/NOVIEMBRE!$R$51)*100 -> 0 | M70: =(E70/NOVIEMBRE!$R$51)*100 -> 0 | N70: =(F70/NOVIEMBRE!$R$51)*100 -> 0 | O70: =SUM(J70:N70)/100 -> 0
A71: Diciembre | G71: =SUM(B71:F71) -> 0 | I71: Diciembre | J71: =(B71/$R$51)*100 -> 0 | K71: =(C71/$R$51)*100 -> 0 | L71: =(D71/$R$51)*100 -> 0 | M71: =(E71/$R$51)*100 -> 0 | N71: =(F71/$R$51)*100 -> 0 | O71: =SUM(J71:N71)/100 -> 0
I74: IDD: Indicador de destinacion desactivacion de alta eficiencia
I75: IDR: Indicador de destinacion para reciclaje
I76: IDI: Indicador de destinacion para incineracion
I77: IDRS: Indicador de destinacion para relleno sanitario

Sheet CONSOLIDADO RESIDUOS
D1: FORMATO REGISTRO ANUAL DE GENERACION DE RESIDUOS GENERADOS EN LA ATENCION EN SALUD Y OTRAS ACTIVIDADES
A7: 1. Nombre de la institucion: | K7: 6. Correo Electronico
A8: 2. Ciudad | K8: 7. Responsable del diligenciamiento
A9: 3. Departamento | K9: 8. Cargo
A10: 4. Direccion | K10: 9. Fecha de reporte:
A11: 5. Telefono
A14: CONSOLIDACION RESIDUOS POR DTS
B16: 10 | C16: 11 | D16: 12 | E16: 13 | F16: 14 | G16: 15 | H16: 16 | I16: 17 | J16: 18 | K16: 19 | L16: 20 | M16: 21 | N16: 22 | O16: 23 | P16: 24 | Q16: 25 | R16: 26
A17: MES | B17: RESIDUOS NO PELIGROS | E17: Subtotal Residuos no peligrosos | F17: RESIDUOS PELIGROSOS | Q17: Subtotal Residuos Peligrosos | R17: TOTAL
F18: INFECCIOSO O RIESGO BIOLOGICO | J18: Subtotal residuos de riesgo biologico o infeccioso | K18: OTROS RESIDUOS CON LAS SIGUIENTES CARACTERISTICAS | P18: Subtotal otros residuos
B19: BIODEGRADABLES (KG/AÑO) | C19: RECICLABLES (KG/AÑO) | D19: ORDINARIOS (KG/AÑO) | F19: BIOSANITARIOS (KG/AÑO) | G19: ANATOMOPATOLOGICOS (KG/AÑO) | H19: CORTOPUNZANTES (KG/AÑO) | I19: ANIMALES (KG/AÑO) | K19: CORROSIVA (KG/AÑO) | L19: EXPLOSIVO (KG/AÑO) | M19: TOXICO (KG/AÑO) | N19: INFLAMABLE (KG/AÑO) | O19: REACTIVO (KG/AÑO)
A20: Enero | B20: =+ENERO!B51 -> 1 | C20: =+ENERO!C51 -> 2 | D20: =+ENERO!D51 -> 3 | E20: =+ENERO!E51 -> 6 | F20: =+ENERO!F51 -> 4 | G20: =+ENERO!G51 -> 5 | H20: =+ENERO!H51 -> 6 | I20: =+ENERO!I51 -> 7 | ... R20: =+ENERO!R51 -> 76
A21: Febrero | B21: =+FEBRERO!B51 -> 1 | C21: =+FEBRERO!C51 -> 2 | D21: =+FEBRERO!D51 -> 3 | E21: =+FEBRERO!E51 -> 6 | F21: =+FEBRERO!F51 -> 4 | G21: =+FEBRERO!G51 -> 5 | H21: =+FEBRERO!H51 -> 6 | I21: =+FEBRERO!I51 -> 7 | ... R21: =+FEBRERO!R51 -> 76
A22: Marzo | B22: =+MARZO!B51 -> 1 | C22: =+MARZO!C51 -> 2 | D22: =+MARZO!D51 -> 3 | E22: =+MARZO!E51 -> 6 | F22: =+MARZO!F51 -> 4 | G22: =+MARZO!G51 -> 5 | H22: =+MARZO!H51 -> 6 | I22: =+MARZO!I51 -> 7 | ... R22: =+MARZO!R51 -> 76
A23: Abril | B23: =+ABRIL!B51 -> 1 | C23: =+ABRIL!C51 -> 2 | D23: =+ABRIL!D51 -> 3 | E23: =+ABRIL!E51 -> 6 | F23: =+ABRIL!F51 -> 4 | G23: =+ABRIL!G51 -> 5 | H23: =+ABRIL!H51 -> 6 | I23: =+ABRIL!I51 -> 7 | ... R23: =+ABRIL!R51 -> 76
A24: Mayo | B24: =+MAYO!B51 -> 1 | C24: =+MAYO!C51 -> 2 | D24: =+MAYO!D51 -> 3 | E24: =+MAYO!E51 -> 6 | F24: =+MAYO!F51 -> 4 | G24: =+MAYO!G51 -> 5 | H24: =+MAYO!H51 -> 6 | I24: =+MAYO!I51 -> 7 | ... R24: =+MAYO!R51 -> 76
A25: Junio | B25: =+JUNIO!B51 -> 1 | C25: =+JUNIO!C51 -> 2 | D25: =+JUNIO!D51 -> 3 | E25: =+JUNIO!E51 -> 6 | F25: =+JUNIO!F51 -> 4 | G25: =+JUNIO!G51 -> 5 | H25: =+JUNIO!H51 -> 6 | I25: =+JUNIO!I51 -> 7 | ... R25: =+JUNIO!R51 -> 76
A26: Julio | B26: =+JULIO!B51 -> 1 | C26: =+JULIO!C51 -> 2 | D26: =+JULIO!D51 -> 3 | E26: =+JULIO!E51 -> 6 | F26: =+JULIO!F51 -> 4 | G26: =+JULIO!G51 -> 5 | H26: =+JULIO!H51 -> 6 | I26: =+JULIO!I51 -> 7 | ... R26: =+JULIO!R51 -> 76
A27: Agosto | B27: =+AGOSTO!B51 -> 1 | C27: =+AGOSTO!C51 -> 2 | D27: =+AGOSTO!D51 -> 3 | E27: =+AGOSTO!E51 -> 6 | F27: =+AGOSTO!F51 -> 4 | G27: =+AGOSTO!G51 -> 5 | H27: =+AGOSTO!H51 -> 6 | I27: =+AGOSTO!I51 -> 7 | ... R27: =+AGOSTO!R51 -> 76
A28: Septiembre | B28: =+SEPTIEMBRE!B51 -> 1 | C28: =+SEPTIEMBRE!C51 -> 2 | D28: =+SEPTIEMBRE!D51 -> 3 | E28: =+SEPTIEMBRE!E51 -> 6 | F28: =+SEPTIEMBRE!F51 -> 4 | G28: =+SEPTIEMBRE!G51 -> 5 | H28: =+SEPTIEMBRE!H51 -> 6 | I28: =+SEPTIEMBRE!I51 -> 7 | ... R28: =+SEPTIEMBRE!R51 -> 76
A29: Octubre | B29: =+OCTUBRE!B51 -> 1 | C29: =+OCTUBRE!C51 -> 2 | D29: =+OCTUBRE!D51 -> 8 | E29: =+OCTUBRE!E51 -> 11 | F29: =+OCTUBRE!F51 -> 4 | G29: =+OCTUBRE!G51 -> 5 | H29: =+OCTUBRE!H51 -> 6 | I29: =+OCTUBRE!I51 -> 7 | ... R29: =+OCTUBRE!R51 -> 86
A30: Noviembre | B30: =+NOVIEMBRE!B51 -> 1 | C30: =+NOVIEMBRE!C51 -> 2 | D30: =+NOVIEMBRE!D51 -> 3 | E30: =+NOVIEMBRE!E51 -> 6 | F30: =+NOVIEMBRE!F51 -> 4 | G30: =+NOVIEMBRE!G51 -> 5 | H30: =+NOVIEMBRE!H51 -> 6 | I30: =+NOVIEMBRE!I51 -> 7 | ... R30: =+NOVIEMBRE!R51 -> 76
A31: Diciembre | B31: =+DICIEMBRE!B51 -> 1 | C31: =+DICIEMBRE!C51 -> 2 | D31: =+DICIEMBRE!D51 -> 3 | E31: =+DICIEMBRE!E51 -> 6 | F31: =+DICIEMBRE!F51 -> 4 | G31: =+DICIEMBRE!G51 -> 5 | H31: =+DICIEMBRE!H51 -> 6 | I31: =+DICIEMBRE!I51 -> 7 | ... R31: =+DICIEMBRE!R51 -> 76
A32: TOTAL | B32: =SUM(B20:B31) -> 12 | C32: =SUM(C20:C31) -> 24 | D32: =SUM(D20:D31) -> 41 | E32: =SUM(E20:E31) -> 77 | F32: =SUM(F20:F31) -> 48 | G32: =SUM(G20:G31) -> 60 | H32: =SUM(H20:H31) -> 72 | I32: =SUM(I20:I31) -> 84 | ... R32: =SUM(R20:R31) -> 922
A35: INDICADORES DE DESTINACION
B38: 27 | C38: 29 | D38: 29 | E38: 30 | F38: 31 | G38: 32 | J38: 33
A39: AÑO | B39: DESTINACIÓN DE RESIDUOS | G39: TOTAL | I39: MES | K39: INDICADORES DE DESTINACIÓN % | O39: INDICADOR TOTAL (%)
B40: DESACTIVACION (KG/AÑO) | C40: RECICLAJE (KG/AÑO) | D40: INCINERACIÓN (KG/AÑO) | E40: RELLENO SANITARIO (KG/AÑO) | F40: OTROS SISTEMAS DE DISPOSICION FINAL | J40: IDD | K40: IDR | L40: IDI | M40: IDRS | N40: IDOS
A41: Enero | B41: =+ENERO!$B$60 -> 0 | C41: =+ENERO!$C$60 -> 0 | D41: =+ENERO!$D$60 -> 0 | E41: =+ENERO!$E$60 -> 0 | F41: =+ENERO!$F$60 -> 0 | G41: =SUM(B41:F41) -> 0 | I41: Enero | J41: =(B41/$R$20)*100 -> 0 | K41: =(C41/$R$20)*100 -> 0 | L41: =(D41/$R$20)*100 -> 0 | M41: =(E41/$R$20)*100 -> 0 | N41: =(F41/$R$20)*100 -> 0 | O41: =SUM(J41:N41)/100 -> 0
A42: Febrero | B42: =+FEBRERO!$B$61 -> 0 | C42: =+FEBRERO!$C$61 -> 0 | D42: =+FEBRERO!$D$61 -> 0 | E42: =+FEBRERO!$E$61 -> 0 | F42: =+FEBRERO!$F$61 -> 0 | G42: =SUM(B42:F42) -> 0 | I42: Febrero | J42: =(B42/$R$21)*100 -> 0 | K42: =(C42/$R$21)*100 -> 0 | L42: =(D42/$R$21)*100 -> 0 | M42: =(E42/$R$21)*100 -> 0 | N42: =(F42/$R$21)*100 -> 0 | O42: =SUM(J42:N42)/100 -> 0
A43: Marzo | B43: =+MARZO!$B$62 -> 0 | C43: =+MARZO!$C$62 -> 0 | D43: =+MARZO!$D$62 -> 0 | E43: =+MARZO!$E$62 -> 0 | F43: =+MARZO!$F$62 -> 0 | G43: =SUM(B43:F43) -> 0 | I43: Marzo | J43: =(B43/$R$22)*100 -> 0 | K43: =(C43/$R$22)*100 -> 0 | L43: =(D43/$R$22)*100 -> 0 | M43: =(E43/$R$22)*100 -> 0 | N43: =(F43/$R$22)*100 -> 0 | O43: =SUM(J43:N43)/100 -> 0
A44: Abril | B44: =+ABRIL!$B$63 -> 0 | C44: =+ABRIL!$C$63 -> 0 | D44: =+ABRIL!$D$63 -> 0 | E44: =+ABRIL!$E$63 -> 0 | F44: =+ABRIL!$F$63 -> 0 | G44: =SUM(B44:F44) -> 0 | I44: Abril | J44: =(B44/$R$23)*100 -> 0 | K44: =(C44/$R$23)*100 -> 0 | L44: =(D44/$R$23)*100 -> 0 | M44: =(E44/$R$23)*100 -> 0 | N44: =(F44/$R$23)*100 -> 0 | O44: =SUM(J44:N44)/100 -> 0
A45: Mayo | B45: =+MAYO!$B$64 -> 0 | C45: =+MAYO!$C$64 -> 0 | D45: =+MAYO!$D$64 -> 0 | E45: =+MAYO!$E$64 -> 0 | F45: =+MAYO!$F$64 -> 0 | G45: =SUM(B45:F45) -> 0 | I45: Mayo | J45: =(B45/$R$24)*100 -> 0 | K45: =(C45/$R$24)*100 -> 0 | L45: =(D45/$R$24)*100 -> 0 | M45: =(E45/$R$24)*100 -> 0 | N45: =(F45/$R$24)*100 -> 0 | O45: =SUM(J45:N45)/100 -> 0
A46: Junio | B46: =+JUNIO!$B$65 -> 0 | C46: =+JUNIO!$C$65 -> 0 | D46: =+JUNIO!$D$65 -> 0 | E46: =+JUNIO!$E$65 -> 0 | F46: =+JUNIO!$F$65 -> 0 | G46: =SUM(B46:F46) -> 0 | I46: Junio | J46: =(B46/$R$25)*100 -> 0 | K46: =(C46/$R$25)*100 -> 0 | L46: =(D46/$R$25)*100 -> 0 | M46: =(E46/$R$25)*100 -> 0 | N46: =(F46/$R$25)*100 -> 0 | O46: =SUM(J46:N46)/100 -> 0
A47: Julio | B47: =+JULIO!$B$66 -> 0 | C47: =+JULIO!$C$66 -> 0 | D47: =+JULIO!$D$66 -> 0 | E47: =+JULIO!$E$66 -> 0 | F47: =+JULIO!$F$66 -> 0 | G47: =SUM(B47:F47) -> 0 | I47: Julio | J47: =(B47/$R$26)*100 -> 0 | K47: =(C47/$R$26)*100 -> 0 | L47: =(D47/$R$26)*100 -> 0 | M47: =(E47/$R$26)*100 -> 0 | N47: =(F47/$R$26)*100 -> 0 | O47: =SUM(J47:N47)/100 -> 0
A48: Agosto | B48: =+AGOSTO!$B$67 -> 0 | C48: =+AGOSTO!$C$67 -> 0 | D48: =+AGOSTO!$D$67 -> 0 | E48: =+AGOSTO!$E$67 -> 0 | F48: =+AGOSTO!$F$67 -> 0 | G48: =SUM(B48:F48) -> 0 | I48: Agosto | J48: =(B48/$R$27)*100 -> 0 | K48: =(C48/$R$27)*100 -> 0 | L48: =(D48/$R$27)*100 -> 0 | M48: =(E48/$R$27)*100 -> 0 | N48: =(F48/$R$27)*100 -> 0 | O48: =SUM(J48:N48)/100 -> 0
A49: Septiembre | B49: =+SEPTIEMBRE!$B$68 -> 0 | C49: =+SEPTIEMBRE!$C$68 -> 0 | D49: =+SEPTIEMBRE!$D$68 -> 0 | E49: =+SEPTIEMBRE!$E$68 -> 0 | F49: =+SEPTIEMBRE!$F$68 -> 0 | G49: =SUM(B49:F49) -> 0 | I49: Septiembre | J49: =(B49/$R$28)*100 -> 0 | K49: =(C49/$R$28)*100 -> 0 | L49: =(D49/$R$28)*100 -> 0 | M49: =(E49/$R$28)*100 -> 0 | N49: =(F49/$R$28)*100 -> 0 | O49: =SUM(J49:N49)/100 -> 0
A50: Octubre | B50: =+OCTUBRE!$B$69 -> 0 | C50: =+OCTUBRE!$C$69 -> 0 | D50: =+OCTUBRE!$D$69 -> 0 | E50: =+OCTUBRE!$E$69 -> 0 | F50: =+OCTUBRE!$E$69 -> 0 | G50: =SUM(B50:F50) -> 0 | I50: Octubre | J50: =(B50/$R$29)*100 -> 0 | K50: =(C50/$R$29)*100 -> 0 | L50: =(D50/$R$29)*100 -> 0 | M50: =(E50/$R$29)*100 -> 0 | N50: =(F50/$R$29)*100 -> 0 | O50: =SUM(J50:N50)/100 -> 0
A51: Noviembre | B51: =+NOVIEMBRE!$B$70 -> 0 | C51: =+NOVIEMBRE!$C$70 -> 0 | D51: =+NOVIEMBRE!$D$70 -> 0 | E51: =+NOVIEMBRE!$E$70 -> 0 | F51: =+NOVIEMBRE!$F$70 -> 0 | G51: =SUM(B51:F51) -> 0 | I51: Noviembre | J51: =(B51/$R$30)*100 -> 0 | K51: =(C51/$R$30)*100 -> 0 | L51: =(D51/$R$30)*100 -> 0 | M51: =(E51/$R$30)*100 -> 0 | N51: =(F51/$R$30)*100 -> 0 | O51: =SUM(J51:N51)/100 -> 0
A52: Diciembre | B52: =+DICIEMBRE!$B$71 -> 0 | C52: =+DICIEMBRE!$C$71 -> 0 | D52: =+DICIEMBRE!$D$71 -> 0 | E52: =+DICIEMBRE!$E$71 -> 0 | F52: =+DICIEMBRE!$F$71 -> 0 | G52: =SUM(B52:F52) -> 0 | I52: Diciembre | J52: =(B52/$R$31)*100 -> 0 | K52: =(C52/$R$31)*100 -> 0 | L52: =(D52/$R$31)*100 -> 0 | M52: =(E52/$R$31)*100 -> 0 | N52: =(F52/$R$31)*100 -> 0 | O52: =SUM(J52:N52)/100 -> 0
I55: IDD: Indicador de destinacion desactivacion de alta eficiencia
I56: IDR: Indicador de destinacion para reciclaje
I57: IDI: Indicador de destinacion para incineracion
I58: IDRS: Indicador de destinacion para relleno sanitario

Sheet Instructivo
C1: Instructivo: Formato registro anual de generacion de residuos generados en la atencion en salud y otras actividades
A2: SECRETARIA DE DESARROLLO DE LA SALUD DE CÓRDOBA
A3: SALUD AMBIENTAL
A5: Bloque | B5: No. | D5: Item | E5: Diligenciamiento
A6: Información general | B6: 1 | C6: Nombre del generador de residuos | E6: Nombre completo del establecimiento generador de residuos
B7: 2 | C7: Ciudad | E7: Ciudad de ubicación del establecimiento generador de residuos
B8: 3 | C8: Departamento | E8: Departamento de ubicación del establecimiento generador de residuos
B9: 4 | C9: Direccion | E9: Dirección del establecimiento generador de residuos
B10: 5 | C10: Telefono | E10: Teléfono del establecimiento generador de residuos
B11: 6 | C11: Correo Electronico | E11: Correo electrónico del establecimiento generador de residuos
B12: 7 | C12: Responsable del diligenciamiento | E12: Nombre completo del encargado de diligenciar el formulario
B13: 8 | C13: Cargo | E13: Cargo del encargado de diligenciar el formato
B14: 9 | C14: Fecha del reporte | E14: Fecha de diligenciamiento del formato
A15: Consolidación residuos por DTS | B15: 10 | C15: Residuos no peligrosos - | D15: Biodegradables | E15: Cantidad en Kg/año de residuos Biodegradables (residuos orgánicos aprovechables*) generados por el establecimiento de atención en salud y otras actividades
B16: 11 | D16: Reciclables | E16: Cantidad en Kg/año de residuos reciclables (residuos aprovechables*) generados por el establecimiento de atención en salud y otras actividades
B17: 12 | D17: Ordinarios | E17: Cantidad en Kg/año de residuos ordinarios (residios no aprovechables*) generados por el establecimiento de atención en salud y otras actividades
B18: 13 | D18: Subtotal Residuos no peligrosos | E18: Celda formulada que no requiere diligenciar. Sumatoria de las cantidades de residuos no peligrosos
B19: 14 | C19: Residuos peligrosos riesgo biológico o infeccioso | D19: Biosanitarios | E19: Cantidad en Kg/año de residuos biosanitarios generados por el establecimiento de atención en salud y otras actividades
B20: 15 | D20: Cortopunzantes | E20: Cantidad en Kg/año de residuos cortopunzantes generados por el establecimiento de atención en salud y otras actividades
B21: 16 | D21: Anatomopatológicos | E21: Cantidad en Kg/año de residuos biosanitarios generados por el establecimiento de atención en salud y otras actividades
B22: 17 | D22: Animales | E22: Cantidad en Kg/año de residuos biosanitarios generados por el establecimiento de atención en salud y otras actividades
B23: 18 | D23: Subtotal residuos de riesgo biologico o infeccioso | E23: Celda formulada que no requiere diligenciar. Sumatoria de las cantidades de residuos de riesgo biológico o infeccioso
B24: 19 | C24: Residuos peligrosos otros residuos con las siguientes características ** | D24: Corrosivo | E24: Cantidad en Kg/año de residuos de característica corrosivo generados por el establecimiento de atención en salud y otras actividades
B25: 20 | D25: Explosivo | E25: Cantidad en Kg/año de residuos de característica explosivo generados por el establecimiento de atención en salud y otras actividades
B26: 21 | D26: Toxico | E26: Cantidad en Kg/año de residuos de característica tóxico generados por el establecimiento de atención en salud y otras actividades
B27: 22 | D27: Inflamable | E27: Cantidad en Kg/año de residuos de característica inflamable generados por el establecimiento de atención en salud y otras actividades
B28: 23 | D28: Reactivo | E28: Cantidad en Kg/año de residuos de característica reactivo generados por el establecimiento de atención en salud y otras actividades
B29: 24 | D29: Subtotal otros residuos | E29: Celda formulada que no requiere diligenciar. Sumatoria de las cantidades de otros residuos
B30: 25 | D30: Subtotal Residuos Peligrosos | E30: Celda formulada que no requiere diligenciar. Sumatoria de las cantidades de residuos peligrosos
B31: 26 | C31: Total | E31: Celda formulada que no requiere diligenciar. Sumatoria de las cantidades de residuos generados por el establecimiento de atención en salud y otras actividades
A32: Indicadores de destinación | B32: 27 | C32: Destinación de residuos | D32: Desactivación | E32: Cantidad en Kg/año de residuos destinados a desactivación
B33: 28 | D33: Reciclaje | E33: Cantidad en Kg/año de residuos destinados a reciclaje (aprovechamiento)
B34: 29 | D34: Incineración | E34: Cantidad en Kg/año de residuos destinados a incineración
B35: 30 | D35: Relleno sanitario | E35: Cantidad en Kg/año de residuos destinados a disposición en relleno sanitario
D36: Otros sistemas de disposición final | E36: Cantidad en Kg/año de residuos destinados en otros sistemas de disposición final aceptada por la legislación
B37: 31 | D37: Total | E37: Celda formulada que no requiere diligenciar. Sumatoria de las cantidades destinación de residuos generados por el establecimiento de atención en salud y otras actividades. Atención: La sumatoria de esta celda deberá ser igual a la sumatoria de las cantidades de residuos generados por el establecimiento de atención en salud y otras actividades (Item no. 26). Si no coinciden los valores la celda se mostrará de color rojo.
B38: 28 | C38: Indicadores de destinación | E38: Celdas formuladas que no requieren ser diligenciadas. Cálculo de la cantidad de residuos sometidos a desactivación de alta eficiencia, incineración, reciclaje, disposición en rellenos sanitarios, u otros sistemas de gestión dividido entre la cantidad total de residuos que fueron generados. Atención: Si el total del indicador de destinación no es 100% la celda se mostrará en color rojo.
B40: * Titulo 2 del Decreto 1077 de 2015 del MVCT, Resolución 2184 de 2019 del MADS y MVCT
