Workbook

Sheet FICHA TECNICA
D1: SISTEMA INTEGRADO DE GESTIÓN
D2: SISTEMA DE INFORMACIÓN
D3: FT-GA-FICHA TECNICA DE INDICADORES
A4: CODIGO: SIG-MA-SI-FI18 | D4: VERSIÓN: 01 | E4: EMISIÓN: 16/08/2022 | J4: PAGINA: 1 DE 1
A5: MACROPROCESO | C5: APOYO | E5: PROCESO | H5: GESTION AMBIENTAL | K5: AÑO:
A7: Denominación | B7: Sustento Normativo / Referencia | C7: Dominio | D7: Definición Operacional | E7: Unidad de medida | F7: Periodicidad | G7: Estándar | I7: Fuente de Datos | J7: Responsables | M7: N°
D8: (fórmula operativa) | J8: Generar los Datos | K8: Generar el Indicador | L8: Analizar y actuar
A9: Destinación para desactivación de alta eficiencia. | B9: Garantizar que los residuos peligrosos generados en la institución sean inactivados antes de su disposición final | C9: Seguridad | D9: Cantidad de residuos sometidos a desactivacion kg/mes __________________________________ Cantidad total de residuos producidos kg/mes en los servicio en el mes X 100 | E9: Porcentaje | F9: Mensual | G9: 0.05 | H9: 0.05 | I9: Registro RH1 Mensual | J9: Auxiliar de servicios generales | K9: Comité de Gestión Ambiental | L9: Comité de Gestión Ambiental | M9: 1
A10: Destinación para reciclaje. | B10: Conocer qué cantidad de residuos generados en la institución son reciclables.. | C10: Seguridad | D10: Cantidad de residuos reciclable kg/mes _________________________ Cantidad total de residuos producidos kg/mes por servicio en el mes X 100 | E10: Porcentaje | F10: Mensual | G10: 0.1 | H10: 0.1 | I10: Registro RH1 Mensual | J10: Auxiliar de servicios generales | K10: Comité de Gestión Ambiental | L10: Comité de Gestión Ambiental | M10: 2
A11: Destinación para relleno sanitario. | B11: Conecer la cantidad de residuos generados que van a parar al relleno sanitario. | C11: Seguridad | D11: Cantidad de residuos dispuestos para rellenos sanitarios kg/mes __________________________________ Cantidad total de residuos producidos kg/mes por servicio en el mes X 100 | E11: Porcentaje | F11: Mensual | G11: 0.9 | H11: 0.9 | I11: Registro RH1 Mensual | J11: Auxiliar de servicios generales | K11: Comité de Gestión Ambiental | L11: Comité de Gestión Ambiental | M11: 3

Sheet SEGUIMIENTO
D1: SISTEMA INTEGRADO DE GESTIÓN
D2: SISTEMA DE INFORMACIÓN
D3: FT-GA-SEGUIMIENTO DE INDICADORES
A4: CODIGO: SIG-MA-SI-FI18 | D4: VERSIÓN: 01 | H4: EMISIÓN: 16/08/2022 | N4: PAGINA: 1 DE 1
A5: MACROPROCESO | C5: APOYO | F5: PROCESO | H5: GESTION AMBIENTAL | N5: AÑO:
A7: Denominación | B7: Definición Operacional | C7: Estándar | E7: RESPONSABLE | F7: SEGUIMIENTOS
B8: (fórmula operativa) | E8: Analizar y actuar | F8: ENE | G8: FEB | H8: MAR | I8: ABR | J8: MAY | K8: JUN | L8: JUL | M8: AGO | N8: SEP | O8: OCT | P8: NOV | Q8: DIC
A9: ='FICHA TECNICA'!A9 -> Destinación para desactivación de alta eficiencia. | B9: ='FICHA TECNICA'!D9 -> Cantidad de residuos sometidos a desactivacion kg/mes __________________________________ Cantidad total de residuos producidos kg/mes en los servicio en el mes X 100 | C9: ='FICHA TECNICA'!$H$9 -> 0.05 | E9: ='FICHA TECNICA'!L9 -> Comité de Gestión Ambiental
A11: RESULTADO | F11: =IF(ISERR(F9/F10),"",F9/F10) | G11: =IF(ISERR(G9/G10),"",G9/G10) | H11: =IF(ISERR(H9/H10),"",H9/H10) | I11: =IF(ISERR(I9/I10),"",I9/I10) | J11: =IF(ISERR(J9/J10),"",J9/J10) | K11: =IF(ISERR(K9/K10),"",K9/K10) | L11: =IF(ISERR(L9/L10),"",L9/L10) | M11: =IF(ISERR(M9/M10),"",M9/M10) | ... Q11: =IF(ISERR(Q9/Q10),"",Q9/Q10)
A12: VALOR ESPERADO | F12: ='FICHA TECNICA'!$H$9 -> 0.05 | G12: ='FICHA TECNICA'!$H$9 -> 0.05 | H12: ='FICHA TECNICA'!$H$9 -> 0.05 | I12: ='FICHA TECNICA'!$H$9 -> 0.05 | J12: ='FICHA TECNICA'!$H$9 -> 0.05 | K12: ='FICHA TECNICA'!$H$9 -> 0.05 | L12: ='FICHA TECNICA'!$H$9 -> 0.05 | M12: ='FICHA TECNICA'!$H$9 -> 0.05 | ... Q12: ='FICHA TECNICA'!$H$9 -> 0.05
A13: BRECHA | F13: =IF(ISERR(F12-F11),"",F12-F11) | G13: =IF(ISERR(G12-G11),"",G12-G11) | H13: =IF(ISERR(H12-H11),"",H12-H11) | I13: =IF(ISERR(I12-I11),"",I12-I11) | J13: =IF(ISERR(J12-J11),"",J12-J11) | K13: =IF(ISERR(K12-K11),"",K12-K11) | L13: =IF(ISERR(L12-L11),"",L12-L11) | M13: =IF(ISERR(M12-M11),"",M12-M11) | ... Q13: =IF(ISERR(Q12-Q11),"",Q12-Q11)
A14: ='FICHA TECNICA'!A10 -> Destinación para reciclaje. | B14: ='FICHA TECNICA'!D10 -> Cantidad de residuos reciclable kg/mes _________________________ Cantidad total de residuos producidos kg/mes por servicio en el mes X 100 | C14: ='FICHA TECNICA'!$H$10 -> 0.1 | E14: ='FICHA TECNICA'!L10 -> Comité de Gestión Ambiental
A16: RESULTADO | F16: =IF(ISERR(F14/F15),"",F14/F15) | G16: =IF(ISERR(G14/G15),"",G14/G15) | H16: =IF(ISERR(H14/H15),"",H14/H15) | I16: =IF(ISERR(I14/I15),"",I14/I15) | J16: =IF(ISERR(J14/J15),"",J14/J15) | K16: =IF(ISERR(K14/K15),"",K14/K15) | L16: =IF(ISERR(L14/L15),"",L14/L15) | M16: =IF(ISERR(M14/M15),"",M14/M15) | ... Q16: =IF(ISERR(Q14/Q15),"",Q14/Q15)
A17: VALOR ESPERADO | F17: ='FICHA TECNICA'!$H$10 -> 0.1 | G17: ='FICHA TECNICA'!$H$10 -> 0.1 | H17: ='FICHA TECNICA'!$H$10 -> 0.1 | I17: ='FICHA TECNICA'!$H$10 -> 0.1 | J17: ='FICHA TECNICA'!$H$10 -> 0.1 | K17: ='FICHA TECNICA'!$H$10 -> 0.1 | L17: ='FICHA TECNICA'!$H$10 -> 0.1 | M17: ='FICHA TECNICA'!$H$10 -> 0.1 | ... Q17: ='FICHA TECNICA'!$H$10 -> 0.1
A18: BRECHA | F18: =IF(ISERR(F17-F16),"",F17-F16) | G18: =IF(ISERR(G17-G16),"",G17-G16) | H18: =IF(ISERR(H17-H16),"",H17-H16) | I18: =IF(ISERR(I17-I16),"",I17-I16) | J18: =IF(ISERR(J17-J16),"",J17-J16) | K18: =IF(ISERR(K17-K16),"",K17-K16) | L18: =IF(ISERR(L17-L16),"",L17-L16) | M18: =IF(ISERR(M17-M16),"",M17-M16) | ... Q18: =IF(ISERR(Q17-Q16),"",Q17-Q16)
A19: ='FICHA TECNICA'!A11 -> Destinación para relleno sanitario. | B19: ='FICHA TECNICA'!D11 -> Cantidad de residuos dispuestos para rellenos sanitarios kg/mes __________________________________ Cantidad total de residuos producidos kg/mes por servicio en el mes X 100 | C19: ='FICHA TECNICA'!$H$11 -> 0.9 | E19: ='FICHA TECNICA'!L11 -> Comité de Gestión Ambiental
A21: RESULTADO | F21: =IF(ISERR(F19/F20),"",F19/F20) | G21: =IF(ISERR(G19/G20),"",G19/G20) | H21: =IF(ISERR(H19/H20),"",H19/H20) | I21: =IF(ISERR(I19/I20),"",I19/I20) | J21: =IF(ISERR(J19/J20),"",J19/J20) | K21: =IF(ISERR(K19/K20),"",K19/K20) | L21: =IF(ISERR(L19/L20),"",L19/L20) | M21: =IF(ISERR(M19/M20),"",M19/M20) | ... Q21: =IF(ISERR(Q19/Q20),"",Q19/Q20)
A22: VALOR ESPERADO | F22: ='FICHA TECNICA'!$H$11 -> 0.9 | G22: ='FICHA TECNICA'!$H$11 -> 0.9 | H22: ='FICHA TECNICA'!$H$11 -> 0.9 | I22: ='FICHA TECNICA'!$H$11 -> 0.9 | J22: ='FICHA TECNICA'!$H$11 -> 0.9 | K22: ='FICHA TECNICA'!$H$11 -> 0.9 | L22: ='FICHA TECNICA'!$H$11 -> 0.9 | M22: ='FICHA TECNICA'!$H$11 -> 0.9 | ... Q22: ='FICHA TECNICA'!$H$11 -> 0.9
A23: BRECHA | F23: =IF(ISERR(F22-F21),"",F22-F21) | G23: =IF(ISERR(G22-G21),"",G22-G21) | H23: =IF(ISERR(H22-H21),"",H22-H21) | I23: =IF(ISERR(I22-I21),"",I22-I21) | J23: =IF(ISERR(J22-J21),"",J22-J21) | K23: =IF(ISERR(K22-K21),"",K22-K21) | L23: =IF(ISERR(L22-L21),"",L22-L21) | M23: =IF(ISERR(M22-M21),"",M22-M21) | ... Q23: =IF(ISERR(Q22-Q21),"",Q22-Q21)

Sheet GRAFICOS
D1: SISTEMA INTEGRADO DE GESTIÓN
D2: SISTEMA DE INFORMACIÓN
D3: FT-GA-GRAFICO DE INDICADORES
A4: CODIGO: SIG-MA-SI-FI18 | D4: VERSIÓN: 01 | H4: EMISIÓN: 17/08/2022 | K4: PAGINA: 1 DE 1

Sheet CUADRO DE MANDO
D1: SISTEMA INTEGRADO DE GESTIÓN
D2: SISTEMA DE INFORMACIÓN
D3: FT-GA-CUADRO DE MANDO INDICADORES
A4: CODIGO: SIG-MA-SI-FI18 | D4: VERSIÓN: 01 | H4: EMISIÓN: 16/08/2022 | L4: PAGINA: 1 DE 1
A5: MACROPROCESO | C5: APOYO | E5: PROCESO | H5: GESTION AMBIENTAL | L5: AÑO:
A6: ='FICHA TECNICA'!A7 -> Denominación | B6: N° | C6: ENE | D6: FEB | E6: MAR | F6: ABR | G6: MAY | H6: JUN | I6: JUL | J6: AGO | K6: SEP | L6: OCT | M6: NOV | N6: DIC
A7: ='FICHA TECNICA'!A9 -> Destinación para desactivación de alta eficiencia. | B7: 1 | C7: =SEGUIMIENTO!F11 | D7: =SEGUIMIENTO!G11 | E7: =SEGUIMIENTO!H11 | F7: =SEGUIMIENTO!I11 | G7: =SEGUIMIENTO!J11 | H7: =SEGUIMIENTO!K11 | I7: =SEGUIMIENTO!L11 | J7: =SEGUIMIENTO!M11 | ... N7: =SEGUIMIENTO!Q11
A8: ='FICHA TECNICA'!A10 -> Destinación para reciclaje. | B8: 2 | C8: =SEGUIMIENTO!F16 | D8: =SEGUIMIENTO!G16 | E8: =SEGUIMIENTO!H16 | F8: =SEGUIMIENTO!I16 | G8: =SEGUIMIENTO!J16 | H8: =SEGUIMIENTO!K16 | I8: =SEGUIMIENTO!L16 | J8: =SEGUIMIENTO!M16 | ... N8: =SEGUIMIENTO!Q16
A9: ='FICHA TECNICA'!A11 -> Destinación para relleno sanitario. | B9: 3 | C9: =SEGUIMIENTO!F21 | D9: =SEGUIMIENTO!G21 | E9: =SEGUIMIENTO!H21 | F9: =SEGUIMIENTO!I21 | G9: =SEGUIMIENTO!J21 | H9: =SEGUIMIENTO!K21 | I9: =SEGUIMIENTO!L21 | J9: =SEGUIMIENTO!M21 | ... N9: =SEGUIMIENTO!Q21
